tree
version=v4
num_class=1
num_tree_per_iteration=1
label_index=0
max_feature_idx=44
objective=regression
feature_names=Column_0 Column_1 Column_2 Column_3 Column_4 Column_5 Column_6 Column_7 Column_8 Column_9 Column_10 Column_11 Column_12 Column_13 Column_14 Column_15 Column_16 Column_17 Column_18 Column_19 Column_20 Column_21 Column_22 Column_23 Column_24 Column_25 Column_26 Column_27 Column_28 Column_29 Column_30 Column_31 Column_32 Column_33 Column_34 Column_35 Column_36 Column_37 Column_38 Column_39 Column_40 Column_41 Column_42 Column_43 Column_44
feature_infos=[-0.10220994800329208:0.1033591702580452] [-0.41032999753952026:0.61297541856765747] [-0.62209302186965942:1.5973154306411743] [-0.65116280317306519:2.2061610221862793] [-0.72756755352020264:2.522111177444458] [-0.19945462048053741:0.20064724981784821] [-0.40546330809593201:0.48011219501495361] [-0.52826178073883057:0.954093337059021] [-0.62645035982131958:1.5047824382781982] [0:0.18596713244915009] [0.002712734043598175:0.50448030233383179] [0.004701963160187006:0.69206726551055908] [0:0.22258824110031128] [-0.18292683362960815:0] [0:1] [0:0.22258824110031128] [-0.32681018114089966:0.11152940988540649] [-0.1119266077876091:0.19588172435760498] [-0.10220994800329208:0.1033591702580452] [0:0.73211783170700073] [-0.39366516470909119:0] [0:1.670769214630127] [-0.61326444149017334:0] [0:1.9069766998291016] [-0.69105690717697144:0] [0:2.8293650150299072] [-0.73210161924362183:0] [-0.95367705821990967:82.95318603515625] [-0.89370626211166382:20.955385208129883] [-0.8164946436882019:17.556417465209961] [-0.83674424886703491:21.121475219726562] [-0.96143311262130737:3.6721160411834717] [-0.97249025106430054:5.9566874504089355] [-0.96602326631546021:8.406153678894043] [-0.99784398078918457:0.99982666969299316] [-0.95760703086853027:0.99185383319854736] [-0.90056383609771729:0.97662472724914551] [-0.2576325535774231:0.23422159254550934] [-0.4705086350440979:0.64116418361663818] [-0.35640138387680054:0.36649215221405029] [0:100] [0:0.89999997615814209] [0.10000000149011612:0.85000002384185791] [0.026666667312383652:1.9233332872390747] [-0.032294116914272308:0.10843091458082199]
tree_sizes=5813 5919 5855 5818 5816 5889 5830 5852 5844 5821 5915 5767 5852 5778 5813 5871 5894 5890 5892 5838 5900 5903 5781 5839 5741 5838 5905 5774 5879 5775 5861 5817 5852 5822 5841 5824 5869 5917 5726

Tree=0
num_leaves=63
num_cat=0
split_feature=26 38 8 22 11 26 22 10 26 30 7 14 25 40 41 3 6 30 35 11 7 41 25 30 30 37 23 35 30 25 29 25 30 29 29 38 9 8 15 35 10 35 15 22 25 25 8 8 25 8 35 40 8 35 24 20 29 35 25 44 8 26
split_gain=3.39337 3.10776 2.34156 0.946178 0.910019 1.13711 0.822244 0.733997 1.11738 0.716397 0.679107 0.85173 0.585066 0.505191 0.584067 0.471802 0.439915 0.42379 0.770669 1.05219 0.421458 0.414129 0.676921 0.500227 0.460125 0.40772 0.401787 0.368488 0.354069 0.346913 0.344151 0.613551 0.320376 0.355968 0.496659 0.318783 0.321359 0.301714 0.299072 0.304514 0.294528 0.405859 0.28956 0.27989 0.270921 0.27033 0.270235 0.253499 0.243751 0.286289 0.310753 0.240216 0.239463 0.229252 0.223996 0.219399 0.217522 0.217088 0.210086 0.207574 0.204089 0.189842
threshold=-0.33423714339733118 -0.060108778998255723 -0.14231286942958829 -0.096709314733743654 0.097016993910074248 -0.4522478580474853 -0.041622994467616074 0.066721059381961836 -0.22278452664613721 1.4932683110237124 -0.13705834001302716 0.054299755021929748 0.1233256757259369 81.516197204589858 0.35000000894069677 0.0041823510546237239 -0.033394301310181611 0.50477987527847301 0.8511546552181245 0.053292894735932357 0.047507561743259437 0.55000001192092907 0.027196907438337806 0.18080043792724612 -0.36056292057037348 0.019091872498393062 0.17710389196872714 0.69497373700141918 -0.055717688053846352 0.091680150479078307 0.12647961825132373 0.052493443712592132 4.295896291732789 1.3242091536521914 0.25791370868682867 -0.014976563863456248 0.045771673321723945 0.077315229922533049 0.038536598905920989 -0.32910731434822077 0.020207352936267856 -0.26187232136726374 0.063840743154287352 -0.020199648104608055 0.093901764601469054 0.46863195300102239 -0.23147377371788022 -0.057670870795845978 0.25547055900096899 -0.026082315482199189 0.35684804618358618 64.158847808837905 0.25266027450561529 0.12259646505117418 -0.12093581631779669 -0.10084334760904311 -0.052297728136181824 0.057157065719366081 0.21059314161539081 0.0042696257587522277 0.038602445274591453 -0.14233797043561933
decision_type=2 2 2 2 2 2 2 2 2 2 2 2 2 2 2 2 2 2 2 2 2 2 2 2 2 2 2 2 2 2 2 2 2 2 2 2 2 2 2 2 2 2 2 2 2 2 2 2 2 2 2 2 2 2 2 2 2 2 2 2 2 2
left_child=4 2 3 -2 5 35 7 8 28 12 11 -5 -9 14 15 -7 29 18 21 30 -14 22 23 -10 25 -23 42 -28 -3 -8 31 -20 33 34 -6 -1 -37 57 39 -4 41 -24 -19 -18 -35 53 -47 -26 49 50 -42 -27 -39 -12 -43 -11 61 -30 -52 -32 -58 -51
right_child=1 6 38 10 32 13 16 9 17 55 45 -13 20 -15 -16 -17 43 26 19 -21 -22 24 40 -25 47 51 27 -29 37 -31 59 -33 -34 44 -36 36 -38 52 -40 -41 48 54 -44 -45 -46 46 -48 -49 -50 56 58 -53 -54 -55 -56 -57 60 -59 -60 -61 -62 -63
leaf_value=0.0012602577122883905 0.015205463760380677 0.0023860983962233464 0.0072591781086978335 0.0046316322334412465 0.0055398284951184724 0.0085553072248693608 0.0086419102476307831 0.0047957543420580314 0.0049529927216514389 0.001264309060496821 0.0068768713525526343 0.012825909289719791 0.0053833195191436639 0.0063340002227089522 0.0011217926182914362 0.0024165306069897502 0.0040501223696672384 0.0040850728677099867 0.012470071055643985 0.013468522641492136 0.011515754148174375 0.0057603094241619919 0.0071212030900540992 0.011702667136336132 0.0067629333522099405 0.012365870924447023 0.004193665987984159 0.0096624995249364881 0.0082420705624527343 0.0044200930460332431 0.0042952337089072756 0.0057743245866603704 0.0012437184694008559 0.0094039937364715567 0.0010032490821771742 -0.0058018548494297318 0.00013983309857110247 0.0033420450722577572 0.0059718721966197427 0.0037269116729575264 0.0043030891348890361 0.0069215818358035301 0.0019799192715960743 0.0034828514502492748 0.004193665987984159 0.0086749637691771794 0.0042915789060152289 0.0045996156905321415 0.0030157973402357516 0.001430656042275877 0.0052175143611340293 0.0066093522288391019 0.0064230538511053231 0.011158590435953807 0.0043163128266221276 0.0052253634034791982 0.003568998350486771 0.0043032140784939584 0.0098999831788456373 0.0068382389742632707 0.005484840572763802 0.0041614883514345582
leaf_weight=70 57 609 69 50 129 50 50 100 75 53 144 136 50 57 696 77 4763 1265 52 52 124 235 170 54 167 53 83 57 59 2595 310 140 88 56 107 86 57 983 382 496 264 90 193 4223 52 50 159 990 574 154 73 53 63 60 1323 92 347 120 54 120 227 141
leaf_count=70 57 609 69 50 129 50 50 100 75 53 144 136 50 57 696 77 4763 1265 52 52 124 235 170 54 167 53 83 57 59 2595 310 140 88 56 107 86 57 983 382 496 264 90 193 4223 52 50 159 990 574 154 73 53 63 60 1323 92 347 120 54 120 227 141
internal_value=0.00423789 0.00439163 0.00651427 0.00881609 0.00195615 0.00118638 0.0042299 0.00457421 0.00447734 0.00662727 0.00815771 0.0107643 0.00813606 0.00202563 0.00169576 0.00464492 0.00394876 0.00475601 0.00495789 0.0065565 0.00990528 0.00473911 0.00443578 0.00798957 0.00544014 0.00707916 0.00404926 0.00657763 0.00337947 0.00451018 0.0059315 0.00773441 0.00396277 0.00458905 0.0035863 -0.00215066 -0.00363008 0.00389426 0.00489179 0.00419367 0.00429376 0.00479887 0.0037886 0.00378072 0.00700335 0.00691682 0.00546776 0.00493444 0.00387136 0.0042416 0.00538189 0.00974721 0.00355248 0.0082724 0.00450085 0.00394426 0.0037569 0.00574843 0.00741913 0.00506523 0.00428361 0.00264904
internal_weight=24328 22803 1603 656 1525 1093 21200 9569 9150 419 599 186 274 880 823 127 11631 7316 5718 674 174 5044 3546 129 1498 341 1598 140 1834 2645 622 192 432 344 236 213 143 1225 947 565 3417 1583 1458 8986 108 413 209 1157 1834 1260 391 106 1046 204 1413 145 869 179 127 430 574 295
internal_count=24328 22803 1603 656 1525 1093 21200 9569 9150 419 599 186 274 880 823 127 11631 7316 5718 674 174 5044 3546 129 1498 341 1598 140 1834 2645 622 192 432 344 236 213 143 1225 947 565 3417 1583 1458 8986 108 413 209 1157 1834 1260 391 106 1046 204 1413 145 869 179 127 430 574 295
is_linear=0
shrinkage=1


Tree=1
num_leaves=63
num_cat=0
split_feature=4 38 38 8 44 4 4 21 42 23 3 11 4 8 36 36 22 10 4 33 23 28 20 40 37 3 24 38 40 42 4 4 27 9 43 36 8 39 4 8 38 20 9 21 44 36 4 15 9 36 24 44 24 37 24 8 23 42 40 33 23 23
split_gain=3.23092 2.58591 0.875468 0.865333 0.846062 0.819611 0.736762 0.664875 0.603024 0.56554 0.690895 0.463646 0.982889 0.4333 0.419977 0.540617 0.406212 0.376412 0.337561 0.375953 0.329309 0.367595 0.305513 0.354899 0.280839 0.376406 0.333691 0.329544 0.294966 0.258591 0.251893 0.452734 0.230892 0.228501 0.218494 0.598094 0.817815 1.06873 0.272202 0.259132 0.649993 0.387101 0.303529 0.253027 0.358998 0.274348 0.222939 0.215252 0.211326 0.20165 0.182425 0.179448 0.237547 0.201795 0.1925 0.178059 0.178 0.271168 0.199482 0.174883 0.169528 0.195694
threshold=0.44329611957073217 -0.10254577174782752 -0.060108778998255723 -0.13505081832408902 0.015955776907503608 -0.12959111481904981 0.72096338868141185 0.014365236740559341 0.42499999701976782 0.47933958470821386 -0.22154650837182996 0.075440760701894774 0.25177054107189184 -0.10746491700410842 0.76309680938720714 -0.094890601933002458 -0.062325289472937577 0.012297875247895719 0.61900952458381664 -0.14019304513931272 0.29353436827659612 -0.26242092251777643 -0.13750834763050077 58.186954498291023 0.055961532518267638 0.15733773261308673 -0.1958883851766586 0.049837384372949607 75.586772918701186 0.27500000596046453 0.081293925642967238 0.29676945507526403 -0.1195671185851097 0.051833705976605422 0.087925896048545851 0.34216366708278662 -0.028237322345376011 -0.0040980144403874865 0.075348813086748137 -0.03451187722384929 0.038562120869755752 -0.029099246487021443 0.016803832724690441 0.067932635545730605 -0.0045049623586237422 0.55770120024681102 -0.054955925792455666 0.027783716097474102 0.012322336435317995 0.14812321960926059 -0.029172193259000775 -0.0025103816296905275 -0.040747962892055505 -0.0070206015370786181 -0.044677430763840668 -0.0062624611891806117 0.10674015432596208 0.47499999403953558 53.625474929809577 0.36534945666790014 0.13380121439695361 0.069828186184167876
decision_type=2 2 2 2 2 2 2 2 2 2 2 2 2 2 2 2 2 2 2 2 2 2 2 2 2 2 2 2 2 2 2 2 2 2 2 2 2 2 2 2 2 2 2 2 2 2 2 2 2 2 2 2 2 2 2 2 2 2 2 2 2 2
left_child=1 3 5 9 6 13 8 16 -2 10 -1 12 17 20 15 -13 32 60 -6 -20 21 -3 -16 -24 25 26 -19 -27 -29 -28 -25 -32 -4 -21 35 36 -31 -38 -37 40 41 42 59 44 45 50 -41 -23 -45 -8 -43 54 -53 -54 -50 -18 -14 -58 -59 -36 61 -9
right_child=4 2 7 -5 18 -7 49 11 -10 -11 -12 14 56 -15 22 -17 55 24 19 33 -22 47 23 30 -26 27 29 28 -30 34 31 -33 -34 -35 39 38 37 -39 -40 46 -42 43 -44 48 -46 -47 -48 -49 51 -51 -52 52 53 -55 -56 -57 57 58 -60 -61 -62 -63
leaf_value=0.011247435817198391 0.0010960170142150969 0.007210918815896636 0.002468395572740457 0.0006747815886765906 0.0019618043399897956 0.00010316281039447544 -0.0023740157540910649 -0.00040026968751647872 -0.0031701535609745773 0.0016673926244232249 0.0042856779218599875 0.0045016494430558081 -0.0023645950758997905 -0.00055534729937597224 -0.0013444548428154369 -0.00084739951770118236 0.00069891432968563017 0.0031499373917168345 0.0019304143211671286 -0.0003802391713625699 0.00020222815823900766 0.00061066373995938565 -0.0002263824335660118 0.0053317817845147854 0.0024502190082262036 0.00015288509194768044 -0.00089207859909026582 -0.0034193032229702701 0 8.9836505982024601e-05 0.00035858292570844114 0.0050030390654823616 0.00088640937663672583 -0.0044655452513274897 0.0017788823441683536 -0.00071682758170003912 0.010001648705834011 0.0017824536689911069 0.0026352374978294529 -0.00084850913611380068 0.0046464496894227068 -0.0065867178597358413 6.3756194406743515e-05 -0.00068036738513961256 -0.00027791141900621513 0 -6.1041272835758842e-05 0.0038093460007983544 -0.0018849590321297985 -0.0069670557949670035 -0.0020664344499153752 0.0012875178629753912 -0.0002514450592915737 -0.0032186256347971408 0.0010003776577275035 -0.00051584779725662925 -0.0020074420313887908 -0.0006205441473426872 0.0027577873275129918 -0.00028263740603440475 0.00083170335540096575 -0.0013016797481692985
leaf_weight=78 89 77 327 129 99 673 50 2041 508 70 99 53 556 75 53 383 539 85 52 79 90 93 86 104 116 193 740 212 101 236 165 87 1167 90 729 487 63 133 67 1102 84 50 717 503 836 53 5370 242 55 169 87 153 258 83 1069 682 228 107 66 96 179 942
leaf_count=78 89 77 327 129 99 673 50 2041 508 70 99 53 556 75 53 383 539 85 52 79 90 93 86 104 116 193 740 212 101 236 165 87 1167 90 729 487 63 133 67 1102 84 50 717 503 836 53 5370 242 55 169 87 153 258 83 1069 682 228 107 66 96 179 942
internal_value=-1.64397e-05 0.000110736 4.14362e-05 0.00422121 -0.00261993 0.00132792 -0.00347793 -3.24215e-05 -0.00249193 0.00596727 0.00751746 -0.000139547 -0.00019762 0.00271183 0.000943245 -0.000135486 0.000697213 -0.000107433 -0.000351996 -0.00150345 0.00324977 0.00385384 0.00194303 0.0023948 4.42023e-06 -1.47457e-05 3.52696e-05 -0.00135338 -0.00236067 1.2811e-05 0.00309757 0.00206777 0.00125011 -0.00271009 6.96368e-05 0.000783308 0.00218337 0.00457029 -0.000264337 4.80447e-06 0.000286442 0.000202518 0.000853268 -0.000108485 -0.000757976 -0.00273275 -0.000199043 0.0029981 0.000194016 -0.00604011 -0.00391594 0.000481414 -0.000275268 -0.00105052 0.000836184 0 -0.00175761 -0.000851846 0.00052844 0.00150869 -0.000599112 -0.000693475
internal_weight=24205 23069 22693 376 1136 1250 816 21443 597 247 177 18728 17797 577 931 436 2715 16840 320 221 502 412 495 442 13678 13562 13056 506 313 12971 356 252 1494 169 12231 986 432 196 554 11245 4773 4689 1542 3147 1026 190 6472 335 2121 219 137 1618 494 341 1124 1221 957 401 173 825 3162 2983
internal_count=24205 23069 22693 376 1136 1250 816 21443 597 247 177 18728 17797 577 931 436 2715 16840 320 221 502 412 495 442 13678 13562 13056 506 313 12971 356 252 1494 169 12231 986 432 196 554 11245 4773 4689 1542 3147 1026 190 6472 335 2121 219 137 1618 494 341 1124 1221 957 401 173 825 3162 2983
is_linear=0
shrinkage=0.05


Tree=2
num_leaves=63
num_cat=0
split_feature=26 38 43 4 20 29 30 11 4 7 20 4 29 30 30 9 30 10 7 26 3 15 30 40 11 4 29 29 43 38 11 32 41 39 4 28 12 10 8 31 38 11 3 43 20 32 3 28 22 29 19 15 26 4 26 34 21 40 16 3 7 28
split_gain=3.14766 2.93664 1.12121 1.30611 1.11118 1.07916 1.30009 0.769738 1.25942 0.766281 0.623283 0.56982 1.6598 0.556127 0.657611 0.493187 0.419586 0.869197 0.441396 0.517105 0.411201 0.355967 0.340272 0.323944 0.30229 0.295769 0.282984 0.374077 0.339341 0.258068 0.315435 0.249259 0.333761 0.244683 0.240482 0.2388 0.231237 0.224675 0.407994 0.224533 0.219276 0.219256 0.209301 0.203213 0.267396 0.204621 0.202485 0.191836 0.186829 0.281453 0.244641 0.199154 0.243945 0.194009 0.205338 0.189017 0.201369 0.1868 0.180703 0.17865 0.188997 0.176994
threshold=-0.29963836073875422 -0.12177754938602446 0.26378247141838079 -0.040658053010702126 -0.043873542919754975 -0.12676005810499189 -0.10289413854479788 0.097016993910074248 0.72096338868141185 -0.06594217941164969 -0.024660602211952206 -0.16362711787223813 0.1663879677653313 0.37590092420578008 5.1503376960754403 0.046714656054973609 0.5654473900794984 0.060181433334946639 0.059272805228829391 -0.20390758663415906 -0.098135359585285173 0.05755987390875817 -0.33457529544830317 78.007091522216811 0.062666215002536788 0.22186997532844546 1.5984906554222109 0.063031733036041274 0.5067843794822694 -0.060108778998255723 0.041206277906894691 0.087438475340604796 0.45000000298023229 -0.01593068707734346 -0.17519619315862653 -0.22315953671932218 0.01661589648574591 0.032249193638563163 0.12210752069950105 -0.18062528222799298 0.007349555380642415 0.070104610174894347 0.070678658783435835 0.29829198122024542 -0.016490871086716648 -0.22064964473247525 0.32773651182651525 0.50584411621093761 -0.057303942739963525 -0.44210386276245112 0.038808220997452743 0.047184811905026443 -0.14233797043561933 0.2010610103607178 -0.084010884165763841 -0.69517630338668812 0.034800030291080482 71.526294708251967 0.020226139575243 -0.18521019816398618 -0.029341490007936951 1.3644664287567141
decision_type=2 2 2 2 2 2 2 2 2 2 2 2 2 2 2 2 2 2 2 2 2 2 2 2 2 2 2 2 2 2 2 2 2 2 2 2 2 2 2 2 2 2 2 2 2 2 2 2 2 2 2 2 2 2 2 2 2 2 2 2 2 2
left_child=7 11 9 4 5 -4 -7 8 20 29 16 12 -2 31 -15 43 17 18 19 -11 -1 -17 42 61 48 33 27 35 -28 -3 -31 32 -5 -12 -18 -9 -35 38 -24 -29 -10 -8 -20 44 45 -6 -25 -39 49 -21 51 52 -51 54 -50 -56 -57 -49 -58 -45 -61 -22
right_child=1 2 3 13 15 6 41 26 40 10 25 -13 -14 14 -16 21 34 -19 22 24 23 -23 37 46 -26 -27 28 39 -30 30 -32 -33 -34 36 -36 -37 -38 47 -40 -41 -42 -43 -44 59 -46 -47 -48 57 53 50 -52 -53 -54 -55 55 56 58 -59 -60 60 -62 -63
leaf_value=0.0015788215405817302 0.015097693403447987 0.0022795297861471888 0.0010751643895555993 -0.001481263256587083 0.0054332100083727556 0.013403165230461721 0.001937185373919254 -0.0011045292959556924 -0.0034661883688214875 -0.0011682944684843243 -0.00080905275813007737 0.002308876893473599 0.0027415739110653739 0.0012786738328865281 -0.0032259007448174407 0.00031134349496869169 0.002679195532719383 0.0060811245488353021 0.00087033494192863183 0.004059023805252299 -0.0020477462129838502 0.0064507675605289042 0.0010192757106030031 -0.0014477778870898945 -0.0031910332365640438 -0.0020735793585870601 0.0034849346739173961 0 -0.0010575532951018112 0.0017657104925568523 -0.00022377983782576619 -0.0031432186642038336 0.001664684249826291 -0.00039944450161058542 -0.00068652766894423674 0.0029764787471222303 0.00019515283208674218 -0.0009162210686515798 0.0057008837227524867 -0.0034855318155122116 -0.0074159995040309111 0.0059566344681509066 0.0057396956315773316 0.0011501609628580304 -0.00015037148683451308 0.0008613156884586296 0.0021461803904470785 0 -0.00038691262437736117 -6.9403515690738294e-05 -0.00043680690287486318 -0.0002026982426426015 0.001434879425311714 0.0032041505541615558 -0.0012911387687229549 0 0.0012961544408172493 0.0024813110024940678 -0.00058929631794428885 -0.0024874722466612345 0.00046351066644804008 -0.0049605393286446019
leaf_weight=79 54 410 158 269 57 57 82 55 95 649 1982 73 67 897 86 50 52 66 53 63 1153 68 314 84 59 252 100 84 58 351 417 125 117 4243 1416 77 2596 212 60 132 128 114 69 112 97 71 71 146 1429 309 428 323 1179 50 146 914 864 126 129 127 73 69
leaf_count=79 54 410 158 269 57 57 82 55 95 649 1982 73 67 897 86 50 52 66 53 63 1153 68 314 84 59 252 100 84 58 351 417 125 117 4243 1416 77 2596 212 60 132 128 114 69 112 97 71 71 146 1429 309 428 323 1179 50 146 914 864 126 129 127 73 69
internal_value=1.16579e-05 0.000191987 0.00013641 0.00111958 0.00245775 0.00451506 0.00655832 -0.00179723 -0.0023127 4.72627e-06 -7.4283e-05 0.00631148 0.00850107 0.000147538 0.000857722 0.00112623 0.000217428 0.000369104 0.000315261 0.000162599 -0.00175091 0.00407258 0.00130826 -0.00196059 0.0003135 -0.000368199 -3.68771e-05 -0.000881054 0.00166163 0.00124138 0.000653506 -0.00116926 -0.000462096 -0.000316531 -0.00054941 0.00108963 -0.00017009 0.000917041 0.0018437 -0.00220057 -0.00585672 0.00441146 0.00384059 0.000429099 0.00159349 0.00310501 3.93226e-05 0.000148224 0.000353497 0.000706173 0.000599784 0.000858618 0.00110578 0.000116493 6.45236e-05 0.00039094 0.000533131 0.00106977 0.00102588 -0.000331813 -0.00128721 -0.00223463
internal_weight=24246 22061 21867 2560 1066 411 253 2185 1679 19307 18129 194 121 1494 983 655 9056 7588 7522 6542 1456 118 980 1377 5893 9073 506 348 158 1178 768 511 386 8821 1468 132 6839 858 374 216 223 196 122 537 225 128 155 484 5834 2302 2239 1811 1488 3532 3482 2053 1907 272 993 312 200 1222
internal_count=24246 22061 21867 2560 1066 411 253 2185 1679 19307 18129 194 121 1494 983 655 9056 7588 7522 6542 1456 118 980 1377 5893 9073 506 348 158 1178 768 511 386 8821 1468 132 6839 858 374 216 223 196 122 537 225 128 155 484 5834 2302 2239 1811 1488 3532 3482 2053 1907 272 993 312 200 1222
is_linear=0
shrinkage=0.05


Tree=3
num_leaves=63
num_cat=0
split_feature=26 7 43 36 1 8 30 11 26 29 26 22 30 10 7 42 35 35 29 39 40 42 25 39 23 30 23 35 8 11 10 10 30 3 30 29 29 25 30 1 23 29 25 11 41 7 29 43 29 22 42 30 19 35 25 30 8 25 24 21 8 6
split_gain=2.58927 2.04054 0.961448 1.01619 0.821578 0.72797 1.00188 0.674213 0.982485 0.605676 0.52364 0.70093 0.605251 0.769344 0.545355 0.509068 0.439843 0.420184 0.537762 0.404611 0.472397 0.435199 0.350731 0.346934 0.400294 0.377368 0.326298 0.306101 0.478901 0.300085 0.268659 0.294075 0.252942 0.244964 0.238747 0.242862 0.469185 0.393013 0.236595 0.378605 0.233669 0.229977 0.239736 0.224857 0.220859 0.219897 0.216893 0.196949 0.228505 0.372873 0.225367 0.360932 0.304624 0.244637 0.277221 0.577815 0.234611 0.227044 0.19665 0.208644 0.193778 0.221595
threshold=-0.31372436881065363 -0.13705834001302716 0.26378247141838079 0.25144627690315252 0.01751620322465897 -0.046250063925981515 0.037522010505199439 0.097016993910074248 -0.48231132328510279 0.71758380532264721 -0.21062282472848889 -0.041622994467616074 0.50477987527847301 0.059047434478998191 -0.06594217941164969 0.42499999701976782 -0.41862510144710535 0.67057338356971752 3.3767715692520146 -0.030355812050402161 82.660125732421889 0.42499999701976782 0.46863195300102239 0.04772771708667279 0.11113364994525911 2.0090172290802006 0.012836991809308531 0.8511546552181245 0.083200577646493926 0.062011912465095527 0.029147294349968437 0.025402457453310493 -0.27187581360340113 -0.14915861189365384 3.7268481254577641 1.3242091536521914 0.30067411065101629 0.11052376776933671 0.61977228522300731 0.073254242539405837 0.16594123840332034 -0.360651284456253 0.30338510870933538 0.043997464701533325 0.45000000298023229 -0.052436275407671921 -0.50359725952148426 0.24777573347091678 -0.41951578855514521 -0.061698155477643006 0.57500001788139354 -0.44188536703586573 0.021061414852738384 0.53370383381843578 0.053548671305179603 0.18080043792724612 -0.0095506561920046789 0.060938585549592979 -0.20357093214988706 0.090258594602346434 0.050063889473676688 -0.043545598164200776
decision_type=2 2 2 2 2 2 2 2 2 2 2 2 2 2 2 2 2 2 2 2 2 2 2 2 2 2 2 2 2 2 2 2 2 2 2 2 2 2 2 2 2 2 2 2 2 2 2 2 2 2 2 2 2 2 2 2 2 2 2 2 2 2
left_child=7 9 10 4 32 6 -6 8 -1 16 26 12 13 27 41 33 -2 60 23 21 -21 -10 -16 58 -25 -26 38 29 30 47 31 -29 -4 -5 35 36 -9 -37 39 -3 -24 42 -13 -41 46 -28 -35 48 49 -12 52 -52 53 54 55 -50 -56 -53 -19 -60 61 -17
right_child=1 2 3 15 5 -7 -8 34 19 -11 11 14 -14 -15 22 17 -18 18 -20 20 -22 -23 40 24 25 -27 45 28 -30 -31 -32 -33 -34 44 -36 37 -38 -39 -40 43 -42 -43 -44 -45 -46 -47 -48 -49 50 -51 51 57 -54 -55 56 -57 -58 -59 59 -61 -62 -63
leaf_value=-0.0061811302454393372 0.009088405245933219 -0.00084682925049654712 -0.0011316370026550578 0.00046994666514509108 0.012522053516649902 0.00074886974300546899 0.0035483410772327233 0.0014702062001551281 0.003620111075212696 0 0.005271175854552286 0.00062915756475750875 -0.00053427169488834967 0.0062493741104379299 -0.00025457525307052124 -0.0011665862336478852 0.003744876821664498 -0.0013613934616302759 -0.0017686706012104117 -0.0023836546975174173 0.0013407635210607547 -0.0022092354579713292 -0.00091134812081209891 0.00075375862430434584 0.0061226418379748473 0.00068043061305657717 0.00094964223706435957 0.0011365969072421561 0.0055283782466145973 -0.0024590380780324323 -0.00010727141460257961 0.0050929037523154107 0.0019820426875401453 0 -0.0020701115671955543 0.0057213713635364998 -0.0030425440415213401 0 -0.0015607136696921429 0.00097633692705063934 -0.004512345787751307 0.00048521043736132979 0.0043837443784215174 0.0063116490465670253 0.0010906259334320582 -0.0012084026479352021 -0.0028185159824758656 0.0031837051242975326 0.00042922891311305151 0.00048090793766647369 0.0049241058775258808 -0.00051027120967849524 -0.00019427430411854719 0 0.0012769579526369038 0.0066688647735174056 -0.00022776114395431555 0.0017396256720181127 0.0044045663870364042 0.00088392324146926863 -0.00082083411457553417 0.0020297798965270564
leaf_weight=150 70 61 73 265 59 72 90 140 67 52 66 115 1216 62 9514 67 156 56 86 1114 83 56 163 107 154 54 114 257 74 82 227 67 287 115 113 51 95 60 59 54 79 850 91 51 61 1592 233 72 104 141 66 168 1822 816 781 67 349 270 60 249 319 177
leaf_count=150 70 61 73 265 59 72 90 140 67 52 66 115 1216 62 9514 67 156 56 86 1114 83 56 163 107 154 54 114 257 74 82 227 67 287 115 113 51 95 60 59 54 79 850 91 51 61 1592 233 72 104 141 66 168 1822 816 781 67 349 270 60 249 319 177
internal_value=-9.10142e-07 0.000150015 9.50966e-05 0.00100138 0.00284977 0.00528433 0.00729891 -0.00175915 -0.00228178 0.00440508 -2.40437e-05 6.07704e-05 0.000463378 0.000688892 -0.000186677 0.000452172 0.00552674 0.00102704 0.00178887 -0.00181756 -0.00210407 0.000765471 -0.000305426 0.0022765 0.0035311 0.00483468 -0.00080628 0.000620216 0.00167691 0.000477377 0.00110977 0.00203835 0.00128062 -0.000644218 -3.0315e-05 0.000565737 -0.000250526 0.00251145 0.000923804 0.00195904 -0.00219685 0.000886372 0.0024154 0.00382237 -0.00142685 -0.00104931 -0.0019408 0.000533919 0.000487176 0.00213774 0.000404418 0.00141138 0.000269067 0.0006796 0.00110514 0.00303209 0.000790217 0.000820041 0.00112201 0.00165433 0 0.00104925
internal_weight=24241 22312 22034 2584 581 221 149 1929 1470 278 19450 17519 6707 5491 10812 2003 226 1329 766 1320 1197 123 9756 680 315 208 1931 5429 625 4804 551 324 360 674 459 346 235 111 225 166 242 1056 206 105 409 1706 348 4722 4650 207 4443 504 3939 2117 1301 171 1130 438 365 309 563 244
internal_count=24241 22312 22034 2584 581 221 149 1929 1470 278 19450 17519 6707 5491 10812 2003 226 1329 766 1320 1197 123 9756 680 315 208 1931 5429 625 4804 551 324 360 674 459 346 235 111 225 166 242 1056 206 105 409 1706 348 4722 4650 207 4443 504 3939 2117 1301 171 1130 438 365 309 563 244
is_linear=0
shrinkage=0.05


Tree=4
num_leaves=63
num_cat=0
split_feature=26 8 10 36 4 8 6 44 4 20 2 26 36 43 30 34 31 30 36 1 21 4 19 25 44 16 9 38 8 7 36 21 30 10 25 30 25 4 6 14 16 21 36 43 11 26 38 25 43 4 25 30 38 4 44 9 12 30 32 12 33 8
split_gain=2.75438 2.52492 1.36072 0.988336 0.842286 0.737555 0.895577 0.717981 0.883276 0.606777 0.579993 0.54489 0.4494 0.448886 0.442674 0.521107 0.444527 0.441974 0.846432 0.50286 0.342092 0.325932 0.280218 0.271555 0.264969 0.264682 0.637563 0.534595 0.264253 0.484291 0.491831 0.447892 0.265857 0.355541 0.422864 0.415234 0.262949 0.260924 0.239219 0.234218 0.226292 0.202768 0.197484 0.354073 0.310472 0.248205 0.193688 0.197935 0.182884 0.390913 0.27712 0.185079 0.339509 0.178348 0.171906 0.170862 0.170668 0.163468 0.161987 0.156362 0.156319 0.164402
threshold=-0.30896617472171778 -0.23147377371788022 0.055947961285710342 0.21723449230194095 0.25177054107189184 -0.15385441482067105 -0.037002824246883385 0.015955776907503608 0.72096338868141185 -0.018943845294415947 -0.065652277320623384 -0.055426213890314095 0.89756417274475109 0.38513000309467321 5.1503376960754403 0.42085823416709905 -0.20075430721044538 0.35676783323287969 0.77805301547050487 -0.052227949723601334 0.17025265097618106 -0.23993895202875135 0.0034752415958791976 0.14994484931230548 0.0054586611222475776 0.018272969871759418 0.01097583305090666 -0.014248491264879702 -0.022969557903707024 0.018997467122972015 0.53295463323593151 0.056761987507343299 -0.44188536703586573 0.01680371351540089 0.14186844974756244 -0.49530865252017969 0.26477472484111791 -0.32105299830436701 -0.10291893407702445 0.98581486940383922 -0.0061977650038897983 0.0092504071071743982 0.17452312260866168 0.25874605774879461 0.060107281431555755 -0.094813533127307878 -0.015368363354355095 0.080876164138317122 0.31197200715541845 0.04193475469946862 0.21861910074949267 1.3542754054069521 -0.0085942903533577902 -0.0049352720379829398 -8.285055082524194e-05 0.045771673321723945 0.0080029112286865729 0.13954249769449237 -0.22907433658838269 0.0020969856996089224 0.40092913806438452 -0.11341634765267371
decision_type=2 2 2 2 2 2 2 2 2 2 2 2 2 2 2 2 2 2 2 2 2 2 2 2 2 2 2 2 2 2 2 2 2 2 2 2 2 2 2 2 2 2 2 2 2 2 2 2 2 2 2 2 2 2 2 2 2 2 2 2 2 2
left_child=7 3 4 38 9 11 36 8 13 22 40 -4 14 54 15 16 -9 18 53 -19 -10 -13 25 -21 -6 26 -3 -28 29 37 31 -31 33 -30 35 -35 -7 -24 -2 -29 60 -17 43 44 -39 -44 47 -12 50 -50 51 -34 -53 -8 -1 -43 -47 -45 -25 -27 61 -11
right_child=1 2 5 -5 24 6 17 12 20 10 46 21 -14 -15 -16 41 -18 19 -20 23 -22 -23 28 58 -26 59 27 39 32 30 -32 -33 48 34 -36 -37 -38 42 -40 -41 -42 55 45 57 -46 56 -48 -49 49 -51 -52 52 -54 -55 -56 -57 -58 -59 -60 -61 -62 -63
leaf_value=-0.00095739287653771573 0.0046886488810512373 0 0.0079673103988170627 0 -0.0022245272695748503 -0.002651427167403719 0.0032285783037712631 0.005119014082518511 -0.0067194110778363656 0.001999640917802149 0.001544639093268403 -0.00011936185016695941 0.004237332695516423 0.00035973679333325633 -0.0050478870720485035 0.00058586565412093545 0 0.005950373701272986 0.008529569838406045 -0.0003028544524038406 -0.001828981443804546 0.0049266820030918878 -0.0021802281156942174 0 -0.00015174709977933891 0.00071731269134890792 0.0080084845875890171 0.00044501680918687653 -0.00017868810448321465 0.002085988482404163 -0.00037435291414902156 0.0073991764296135569 2.3471006223799785e-05 0.0014825817932815929 0.00039492270461227182 0.0080708006042100131 6.9340305682200184e-05 -0.00014484087883575694 0.010424374843677206 0.0045145407201803841 -0.00033439806952604401 -0.00065277213707411966 -0.00037324067152838211 0.0036603287884203793 -0.0040028624819709105 0.00032086848371059109 -0.00029439432253267972 -0.00097398060306816815 0.0044804223788971155 0 -0.0015336001149453497 0.0023923623089192321 -0.0016307199922689416 -0.00046203606381625087 -0.0025846676700231183 -0.0042861503399440129 0.0013674191806104634 0 0.0031462025481626787 -0.001793755247097668 -0.00094666526014251361 0.00060844172170450934
leaf_weight=271 53 231 76 50 554 114 60 66 153 369 73 59 51 182 51 53 116 55 76 233 68 52 100 60 251 250 60 107 248 343 151 51 4927 66 148 52 325 1286 77 68 467 84 422 86 55 750 4391 2165 67 150 342 56 377 50 831 84 1020 51 131 81 87 694
leaf_count=271 53 231 76 50 554 114 60 66 153 369 73 59 51 182 51 53 116 55 76 233 68 52 100 60 251 250 60 107 248 343 151 51 4927 66 148 52 325 1286 77 68 467 84 422 86 55 750 4391 2165 67 150 342 56 377 50 831 84 1020 51 131 81 87 694
internal_value=-3.7211e-05 0.000123146 7.34182e-05 0.00601428 -2.41068e-05 0.00164805 0.00112486 -0.00180973 -0.00235812 3.91657e-05 -0.000286933 0.00459226 -0.000125257 -0.00182439 -0.000674456 -5.34674e-05 0.00185984 0.00228914 0.00442096 0.00140546 -0.00533506 0.00203183 0.000274249 0.000750699 -0.00160976 0.00118516 0.00195428 0.00378598 0.000204323 0.000507015 0.00190812 0.00284561 0 0.00109145 0.00236756 0.00461864 -0.000582521 0.000297612 0.00830446 0.00217712 0.000554724 -0.00174264 0.000372227 -5.90536e-05 -0.000323143 0.000674376 -0.000496034 -0.000880332 -9.34885e-05 0.00131783 -0.000151694 -5.87212e-05 -0.00105058 0.00133028 -0.00220779 -0.00262516 0.000938302 0.0023359 0.00216391 2.56283e-05 0.000937503 0.00111559
internal_weight=24077 22067 21887 180 20596 1291 1104 2010 1505 19791 8246 187 505 1284 454 403 182 665 186 479 221 111 11545 424 805 797 466 235 10748 4315 545 394 6433 514 266 118 439 3770 130 175 1617 221 3670 1478 1341 2192 6629 2238 5919 217 5702 5360 433 110 1102 168 1770 137 191 331 1150 1063
internal_count=24077 22067 21887 180 20596 1291 1104 2010 1505 19791 8246 187 505 1284 454 403 182 665 186 479 221 111 11545 424 805 797 466 235 10748 4315 545 394 6433 514 266 118 439 3770 130 175 1617 221 3670 1478 1341 2192 6629 2238 5919 217 5702 5360 433 110 1102 168 1770 137 191 331 1150 1063
is_linear=0
shrinkage=0.05


Tree=5
num_leaves=63
num_cat=0
split_feature=4 3 38 4 35 23 26 22 41 42 30 35 29 30 19 30 30 33 4 30 35 11 9 6 25 35 4 26 38 25 9 23 4 43 4 15 39 7 34 30 4 4 11 7 43 39 6 14 25 5 11 30 22 29 25 5 4 11 30 26 39 26
split_gain=1.9475 1.68434 1.10398 0.802739 0.749334 0.510652 0.639466 0.594589 0.417008 0.392867 0.377337 0.368606 0.367936 0.438708 0.435956 0.381953 0.367655 0.335286 0.333929 0.333136 0.561049 0.547307 0.343116 0.303961 0.525907 0.295107 0.27721 0.295715 0.260751 0.525012 0.502168 0.406294 0.314111 0.260699 0.893085 0.258457 0.252242 0.250738 0.248947 0.240224 0.349948 0.236867 0.228336 0.348333 0.256759 0.323141 0.234525 0.224864 0.219835 0.21793 0.213611 0.219583 0.441143 0.410764 0.209824 0.491776 0.267843 0.210649 0.777909 0.209415 0.20176 0.201357
threshold=0.25177054107189184 -0.19391398131847379 0.10487601533532144 0.72096338868141185 -0.43739275634288782 0.1529173478484154 -0.29963836073875422 -0.022390446625649926 0.55000001192092907 0.37500000000000006 3.7268481254577641 0.63108494877815258 0.9674111306667329 1.7903445363044741 0.036531619727611549 0.96975186467170726 1.896179258823395 0.38868835568428045 -0.16645330190658567 0.3978544175624848 0.84783649444580089 0.056374393403530128 0.046714656054973609 -0.028826176188886162 0.084254171699285521 0.15834187716245654 -0.22346581518650052 -0.24664700776338574 -0.058351736515760415 0.45819489657878881 0.043923659250140197 0.28555671870708471 -0.12959111481904981 0.24382769316434863 -0.083733987063169465 0.058213001117110259 0.039303891360759742 -0.074399322271347032 0.19559350609779361 0.13184204697608951 0.048960926011204726 0.36852174997329717 0.047636598348617561 -0.033562006428837769 0.22318728268146518 -0.013632889837026594 -0.039063861593604081 0.47849214076995855 0.36788509786129003 0.025447679683566097 0.041959539055824287 -0.42823857069015497 -0.060341002419590943 -0.22140541672706601 0.027196907438337806 0.027507171034812931 0.01620387472212315 0.012154110707342626 -0.0043779469560831777 -0.11741286888718604 0.0080189779400825518 -0.06852520257234572
decision_type=2 2 2 2 2 2 2 2 2 2 2 2 2 2 2 2 2 2 2 2 2 2 2 2 2 2 2 2 2 2 2 2 2 2 2 2 2 2 2 2 2 2 2 2 2 2 2 2 2 2 2 2 2 2 2 2 2 2 2 2 2 2
left_child=1 4 3 9 17 6 49 19 28 41 12 18 15 14 -14 -4 36 -1 25 20 33 22 39 24 -9 -6 -21 -28 30 42 31 32 38 48 -35 59 -10 -31 -7 -22 -41 -2 44 -44 -30 -46 -45 -48 50 -3 51 52 53 -8 55 -53 57 58 -56 -29 -50 -61
right_child=2 5 10 -5 11 8 7 23 16 -11 -12 -13 13 -15 -16 -17 -18 -19 -20 26 21 -23 -24 -25 -26 -27 27 35 29 37 -32 -33 -34 34 -36 -37 -38 -39 -40 40 -42 -43 43 46 45 -47 47 -49 60 -51 -52 54 -54 -55 56 -57 -58 -59 -60 61 -62 -63
leaf_value=0.010255626516582815 -0.00043627488174522561 -0.0032440518040528312 -0.0018147179455812669 -0.0046509720328858604 0.0021245483877537258 0.0010832746528287298 0.0069021822230535606 0.0051579526217554886 0.0021536199516805975 -0.0016461044493241627 -0.0020780351289353747 -0.0012271472835928446 0.0079612905119100345 0 0.0017871022575018079 0.0023936693042063912 -0.00087441360132525792 0.003361951613263919 0.00077455774272510889 0.0031828111432187787 0.00033487470352064233 0.0064568954948500722 0.0053295835456119321 -0.00062220586927896903 3.9501095494101591e-06 0.0074377740030920434 0.0013848115712450089 7.6317415657729855e-05 0.00052554358715485561 0.00028255694184348092 0.0040187158198908574 -0.0010623068583642465 0.00015369149387642079 0.0060912004682926865 -0.00039429528432448498 -0.001720159418216526 0.0062831359433684108 -0.0029081067890466589 0.0038225726223022304 0.0009155167112280927 0.0056856343948882664 0.0034755182388819688 -0.00085620354857124294 -0.00072712953359270515 0.0046771285051582893 0.00031943641541535179 0.0031678362690632472 0.00026200695235895674 -0.0011803008001731051 -0.00048252493965192362 -0.00046687856811553552 0.00017814334537424452 0.00039709474269065265 0.0016885042128729488 5.7639121285982153e-06 0.0045822940559780883 -0.0003254126694936263 0.00031776019463103551 0.0073924436238548248 -0.0015763532659910434 0.0012132612097805111 0.0002477477413833199
leaf_weight=51 89 197 132 226 81 252 52 51 193 1718 93 61 57 85 86 90 57 50 132 56 567 56 50 3932 1538 59 223 1369 710 71 132 241 392 82 131 371 61 190 159 156 60 58 597 119 99 98 150 157 474 150 819 244 804 233 145 92 1799 3214 50 459 98 193
leaf_count=51 89 197 132 226 81 252 52 51 193 1718 93 61 57 85 86 90 57 50 132 56 567 56 50 3932 1538 59 223 1369 710 71 132 241 392 82 131 371 61 190 159 156 60 58 597 119 99 98 150 157 474 150 819 244 804 233 145 92 1799 3214 50 459 98 193
internal_value=1.82202e-05 0.000174558 -0.00126462 -0.00178963 0.00325846 0.000110602 0 4.16094e-05 0.000646552 -0.00142834 0.000710861 0.00200257 0.00134439 0.0027548 0.00444152 0 0.00241688 0.00712259 0.00281955 0.000243333 0.000388134 0.00158658 0.00122549 -0.00038488 0.00018667 0.00456013 -0.00024203 -0.000325526 0.000475273 0.000139629 0.00107903 0.00068167 0.00123653 0.000255666 0.00199379 -0.000495681 0.00325398 -0.00194567 0.00220711 0.000928271 0.00236609 0.000944212 0.000435011 -5.4175e-05 0.00101404 0.00264222 0.00101086 0.00176594 0.00020629 -0.00212466 0.000281237 0.000377407 0.00103359 0.00273776 0.000243924 0.00146335 0.000160318 0.000423991 0.00204172 -0.000258164 -0.000725845 -0.000998307
internal_weight=24411 21777 2634 2091 434 21343 17665 17318 3678 1865 543 333 450 228 143 222 311 101 272 11797 9126 889 833 5521 1589 140 2671 2615 3367 2191 1176 1044 803 8237 213 2392 254 261 411 783 216 147 1930 1023 907 197 426 307 8024 347 7452 6633 1089 285 5544 336 5208 3409 195 2021 572 652
internal_count=24411 21777 2634 2091 434 21343 17665 17318 3678 1865 543 333 450 228 143 222 311 101 272 11797 9126 889 833 5521 1589 140 2671 2615 3367 2191 1176 1044 803 8237 213 2392 254 261 411 783 216 147 1930 1023 907 197 426 307 8024 347 7452 6633 1089 285 5544 336 5208 3409 195 2021 572 652
is_linear=0
shrinkage=0.05


Tree=6
num_leaves=63
num_cat=0
split_feature=7 26 11 22 44 40 26 30 40 41 27 21 21 38 8 26 33 8 30 23 26 37 36 22 6 30 30 41 37 8 44 11 24 33 22 43 20 41 23 1 30 43 36 22 26 43 36 21 37 42 30 9 43 43 36 12 10 27 7 37 8 8
split_gain=2.49298 1.73516 0.802386 1.08818 0.55121 0.578499 0.56891 0.480243 0.440206 0.563204 0.432902 0.420548 0.365177 0.435867 0.325282 0.315803 0.370473 0.344105 0.28444 0.270455 0.270239 0.380491 0.301684 0.293602 0.302435 0.278364 0.276303 0.358443 0.330958 0.293474 0.269284 0.264228 0.261048 0.250115 0.247524 0.296623 0.385885 0.277211 0.241152 0.273308 0.230105 0.912947 0.33497 0.337595 0.230737 0.222222 0.217316 0.246974 0.188814 0.193696 0.552451 0.203504 0.18712 0.28006 0.278352 0.174525 0.173456 0.191071 0.31072 0.173051 0.157712 0.156539
threshold=-0.13705834001302716 -0.31372436881065363 0.074310209602117552 -0.077168382704257951 0.015955776907503608 66.413784027099624 -0.4522478580474853 -0.15641501545906064 45.500425338745124 0.35000000894069677 -0.24676534533500669 0.17025265097618106 0.018721607513725761 -0.058351736515760415 -0.15385441482067105 -0.40751141309738154 0.16764569282531741 0.28517641127109533 1.309605658054352 0.28555671870708471 -0.20390758663415906 0.053015084937214858 0.45522931218147283 -0.023990587331354615 -0.027049580588936802 -0.2677102237939834 0.32645069062709814 0.55000001192092907 0.016627976670861248 -0.12897175550460813 -0.010779253672808407 0.11570072919130327 -0.16691105812788007 0.25139962136745458 -0.063023459166288362 0.15956141054630282 -0.077111430466175065 0.45000000298023229 0.015597125049680473 0.085396353155374541 0.15266271680593493 0.087184049189090743 0.57343196868896495 -0.058417921885848038 -0.08040852844715117 0.27407085895538336 0.502069652080536 0.033201562240719802 0.0096240066923201101 0.52500000596046459 -0.3558900505304336 0.010652319528162481 0.33688259124755865 0.4007651954889298 0.78074380755424511 0.0080986567772924917 0.023508725687861446 -0.051197202876210206 0.10908296704292299 -0.03694892302155494 -0.080481488257646547 0.021687243133783344
decision_type=2 2 2 2 2 2 2 2 2 2 2 2 2 2 2 2 2 2 2 2 2 2 2 2 2 2 2 2 2 2 2 2 2 2 2 2 2 2 2 2 2 2 2 2 2 2 2 2 2 2 2 2 2 2 2 2 2 2 2 2 2 2
left_child=10 4 12 7 6 -6 11 -4 9 -8 -1 -2 34 14 -14 16 -7 -17 -19 -5 22 23 25 26 -25 -15 27 29 -28 -22 -12 -18 -31 -27 35 36 37 -3 39 -39 44 -42 -43 -44 -34 59 -46 -48 -29 51 -51 -50 -9 54 -54 -49 -37 58 -58 -16 -61 -38
right_child=1 2 3 19 5 15 8 52 -10 -11 30 -13 13 20 45 17 31 18 -20 -21 21 -23 -24 24 -26 33 28 48 -30 32 -32 -33 40 -35 -36 56 61 38 -40 -41 41 42 43 -45 46 -47 47 55 49 50 -52 -53 53 -55 -56 -57 57 -59 -60 60 -62 -63
leaf_value=0.00063863128608634284 -0.0061951960638001536 0.00028052913044525693 0.0069191624282795034 0.0009817858585449233 -0.0034268490891366161 0.0021758695705588792 0.0036803332767025992 0.00074087748404284587 -0.0020570046834156495 -0.0014027361419288462 0.0073468404863194295 -0.00056525268586965396 0.0027214798347665941 -0.0012842512641930508 -0.00047041400592721439 -0.0003362236165886988 -0.0049037119726315871 0.006897187636488872 0.0012323026794940233 -0.00097967775285716613 -0.0016054533819725098 0.0033914688253594985 -0.001148035932156184 4.5362035156964041e-05 -0.00063505243871695262 0.00030805942915273355 0 0.00021549861510759935 -0.0013747065042781659 0.0037909659339198016 0.0032589393275854897 0 -0.00036157350863897763 0.0037476205629387634 1.5580936244055387e-05 0.0016276965108804995 0.0014635115719866009 0.0075911834726058369 0.00091150019373223705 0.0026905629563623587 0.0072731897714996387 -0.00068777094133564906 0.0044778601933843374 0.00018191468067975207 2.4099551363465708e-05 -0.0010551296546795824 -0.00023612457203501014 0.00033457475142751475 0.0027975439795190631 0.0076450353005672548 0.0015297572085060922 0 0.0012781975321714473 0.0013147568589239012 0.0063187622089945911 0.0026957792854421059 -0.0002260632878016383 -0.00092409850174825106 0.0043552831785827143 0.0022858064644057114 0 0
leaf_weight=70 133 95 72 343 100 79 82 169 981 155 124 58 206 219 132 57 51 52 62 359 236 77 1343 2669 3959 375 1474 355 606 50 107 79 1994 66 1789 141 362 67 71 92 54 284 80 137 1261 179 175 150 86 50 210 201 58 157 98 259 106 410 50 241 141 387
leaf_count=70 133 95 72 343 100 79 82 169 981 155 124 58 206 219 132 57 51 52 62 359 236 77 1343 2669 3959 375 1474 355 606 50 107 79 1994 66 1789 141 362 67 71 92 54 284 80 137 1261 179 175 150 86 50 210 201 58 157 98 259 106 410 50 241 141 387
internal_value=-6.20917e-06 -6.40344e-05 5.92414e-05 0.00128652 -0.00151882 -2.55686e-06 -0.00201743 0.00294223 -0.00158674 0.000254745 0.00451092 -0.00462207 -1.35582e-05 -0.00010989 0.000957542 0.000836189 -0.000365721 0.00244775 0.00405346 0 -0.000170065 -9.21989e-05 -0.00071594 -0.000112838 -0.000357305 0.000125662 9.53852e-05 0.000281285 -0.000391437 9.94904e-05 0.00557243 -0.00210422 0.000195827 0.00088311 0.000445372 0.000862934 0.00138713 0.00285175 0.0038024 0.00492967 0.000148802 0.00110027 0.000378485 0.00188727 4.61299e-06 0.000395564 0.000413909 0.00121209 0.00119624 0.0017863 0.00281416 0.000764906 0.00228979 0.00304385 0.00461452 0.00189233 3.0873e-05 -0.000323877 0.0010918 0.000949892 0.00150601 0.000716785
internal_weight=24285 23984 22095 1256 1889 480 1409 554 1218 237 301 191 20839 17269 899 380 209 171 114 702 16370 14367 2003 14290 6628 660 7662 5582 2080 4680 231 130 4444 441 3570 1781 1074 325 230 159 4394 555 501 217 3839 693 1845 584 902 547 260 287 482 313 156 409 707 566 156 514 382 749
internal_count=24285 23984 22095 1256 1889 480 1409 554 1218 237 301 191 20839 17269 899 380 209 171 114 702 16370 14367 2003 14290 6628 660 7662 5582 2080 4680 231 130 4444 441 3570 1781 1074 325 230 159 4394 555 501 217 3839 693 1845 584 902 547 260 287 482 313 156 409 707 566 156 514 382 749
is_linear=0
shrinkage=0.05


Tree=7
num_leaves=63
num_cat=0
split_feature=4 38 8 39 4 43 20 8 43 4 30 24 6 9 21 4 44 26 29 38 40 29 26 22 29 30 43 21 20 20 10 30 26 25 35 41 26 26 10 30 43 33 0 0 26 35 8 24 22 42 40 39 40 26 44 24 30 35 30 11 30 22
split_gain=2.31153 1.71449 0.810368 0.653678 0.813116 0.586608 0.556723 0.694119 0.692544 0.543783 0.93329 1.33967 0.542133 0.502784 0.400037 0.389352 0.465404 0.381643 0.378377 0.344715 0.338204 0.333398 0.314552 0.263011 0.239152 0.494033 0.236293 0.227412 0.434735 0.455106 0.247254 0.349625 0.313479 0.256608 0.300948 0.230451 0.201292 0.310514 0.296638 0.368493 0.276429 0.251469 0.185393 0.211511 0.185358 0.183095 0.18303 0.198369 0.180149 0.192773 0.175894 0.175003 0.182714 0.174979 0.170078 0.326404 0.254223 0.164812 0.164497 0.417073 0.156615 0.164303
threshold=0.25177054107189184 -0.12177754938602446 -0.23147377371788022 0.058200092986226089 0.72096338868141185 0.5067843794822694 -0.041578596457839005 -0.047980697825551026 0.24777573347091678 -0.030318610370159146 -0.0043779469560831777 -0.11167948693037032 -0.033394301310181611 0.015423921868205072 0.16040658950805667 0.46826477348804479 0.014901457354426386 -0.34707818925380701 0.081643924117088332 -0.075479321181774126 57.610576629638679 0.46687678992748266 -0.29102647304534907 -0.02265264373272657 1.2017557621002199 2.7573246955871586 0.28611312806606298 0.0018239888013340535 -0.11105348169803618 -0.070213969796895967 0.066721059381961836 1.4932683110237124 -0.1789240017533302 0.021792521700263027 0.5066451132297517 0.55000001192092907 -0.073591873049736009 -0.20803906023502347 0.027923554182052616 -0.14365758746862409 0.090391427278518691 -0.47958669066429133 0.030820765532553199 0.002571796416305006 -0.17155118286609647 0.42818275094032293 0.23097394406795504 -0.31265591084957117 -0.0088866953738033754 0.42499999701976782 75.586772918701186 -0.01921232137829065 62.039461135864265 -0.28679403662681574 -0.0041639071423560372 -0.055115254595875733 -0.082800615578889833 -0.41862510144710535 0.38628971576690679 0.054217757657170303 -0.2377330809831619 -0.069330934435129152
decision_type=2 2 2 2 2 2 2 2 2 2 2 2 2 2 2 2 2 2 2 2 2 2 2 2 2 2 2 2 2 2 2 2 2 2 2 2 2 2 2 2 2 2 2 2 2 2 2 2 2 2 2 2 2 2 2 2 2 2 2 2 2 2
left_child=1 5 -3 4 19 -1 7 8 13 10 11 -10 21 -4 22 46 -17 -9 -18 -2 -16 36 -14 54 45 -26 -12 28 -19 -30 32 -32 33 35 51 -29 37 -8 40 41 -38 -40 43 -34 -25 -20 53 -48 49 -23 -36 -35 60 -5 55 56 -24 -28 59 -56 -53 -62
right_child=3 2 6 15 -6 -7 12 17 9 -11 26 -13 14 -15 20 16 18 27 24 -21 -22 48 23 44 25 -27 57 30 29 -31 31 -33 42 34 50 -37 38 -39 39 -41 -42 -43 -44 -45 -46 -47 47 -49 -50 -51 -52 52 -54 -55 58 -57 -58 -59 -60 -61 61 -63
leaf_value=0.0079504275881697919 0.0017785656966081414 0.0046107989593679689 0.0023504533540177766 -0.0021955688863992693 -0.0049957394575973098 0.0016046076732462054 0.001937775466458895 -0.0030544057426489454 0.013820129853332103 -0.00036738435995313485 0.0045512540929019451 0.003282919842586034 -0.0030164156932603993 -9.2571534028163818e-05 -0.00031745672252063997 -0.0038321516959871531 0.0037205168392039213 -0.00013431598269200836 0 -0.0016585785147946121 0.0043300715414774683 -0.0027035169274214049 -2.2739396419722674e-05 0.00074839446546498892 0.0042780112058279059 -0.0024143809794422684 0.003152050771207992 0.003587329273319079 0.0064048445473114659 1.8958115460685433e-05 0.0034673213106876607 -0.00062382172229797489 3.7967591571817558e-05 -0.0015457772035145359 -0.0014912802800215467 0 0.0037732921430084967 -0.0002305267660513409 0.0058604877233505255 0.00071319258985127305 -4.1771372205502683e-05 0.0021088165255765657 -0.00039471815354638791 0.0010729358499107977 -0.00056311961867003431 -0.0040426705809600725 0 0.0031989351660354341 0.00075985679253333816 -0.00010358156261455073 0.00035426876513093255 0 -0.00037090099968769928 0.0014188313513423187 0.0001466315222065659 -0.00014560529207601784 -0.0046161762346977877 -1.2936333291605814e-05 -0.00041653496973131037 0.0034669301233803615 0.0010015562576771275 0.0047809320011491935
leaf_weight=92 69 101 303 62 194 80 202 85 50 82 62 99 101 630 53 115 53 129 54 1625 89 146 64 270 52 54 51 67 73 58 132 71 893 91 797 125 50 841 62 599 621 411 488 1268 4549 74 61 136 131 181 129 62 149 68 4798 590 85 133 1274 97 98 61
leaf_count=92 69 101 303 62 194 80 202 85 50 82 62 99 101 630 53 115 53 129 54 1625 89 146 64 270 52 54 51 67 73 58 132 71 893 91 797 125 50 841 62 599 621 411 488 1268 4549 74 61 136 131 181 129 62 149 68 4798 590 85 133 1274 97 98 61
internal_value=1.73501e-05 0.000187868 0.000146835 -0.00138503 -0.00187666 0.00515702 0.000124492 0.000524684 0.00150252 0.00306663 0.00384229 0.00702052 -3.65948e-05 0.000674875 -0.000193513 -7.70965e-05 -0.00115037 0.000230639 0 -0.00150334 0.00242496 0.000534651 -0.000227164 -0.000200882 -0.00093586 0.000638609 0.00180551 0.000295811 0.00174461 0.00377844 0.00020497 0.00191556 0.00011671 -0.000432804 -0.00068174 0.00123273 0.000744525 0.000166182 0.00107612 0.00159591 0.000207878 0.00265905 0.000453717 0.000656925 -0.000484381 -0.00243168 0.00116575 0.00213578 -0.000686901 -0.0013431 -0.00120714 0.000319619 0.000847349 -0.000115196 0 -0.00071958 -0.00281706 0.000734979 8.27884e-05 0.000217881 0.00178055 0.00261869
internal_weight=24290 21673 21501 2617 1888 172 21400 6186 1410 477 395 149 15214 933 11970 729 402 4776 287 1694 142 3244 11828 11727 234 106 246 4691 260 131 4431 203 4228 1579 1387 192 2786 1043 1743 1072 671 473 2649 2161 4819 128 327 197 458 327 926 461 370 130 6908 739 149 184 6169 4895 221 159
internal_count=24290 21673 21501 2617 1888 172 21400 6186 1410 477 395 149 15214 933 11970 729 402 4776 287 1694 142 3244 11828 11727 234 106 246 4691 260 131 4431 203 4228 1579 1387 192 2786 1043 1743 1072 671 473 2649 2161 4819 128 327 197 458 327 926 461 370 130 6908 739 149 184 6169 4895 221 159
is_linear=0
shrinkage=0.05


Tree=8
num_leaves=63
num_cat=0
split_feature=4 8 10 36 40 38 8 4 26 36 38 36 39 2 22 26 33 36 30 25 40 26 8 25 4 43 5 36 35 27 23 30 8 24 43 30 25 8 44 9 20 24 4 28 36 5 44 12 25 43 25 15 30 23 26 2 23 36 25 4 26 25
split_gain=2.14249 1.40072 0.696986 0.616514 1.17028 0.603859 0.537141 0.469123 0.413681 0.408992 0.334567 0.352931 0.33222 0.316953 0.359664 0.39141 0.310505 0.292038 0.516671 0.406941 0.386515 0.273487 0.254088 0.364325 0.367428 0.273033 0.23217 0.260727 0.269915 0.23394 0.282054 0.217781 0.21632 0.637256 0.52302 0.304953 0.556943 0.822459 0.287203 0.236575 0.230294 0.226973 0.209119 0.338524 0.20748 0.206891 0.20561 0.193383 0.190875 0.187966 0.34799 0.674224 0.381657 0.229655 0.199141 0.188893 0.182307 0.177652 0.176515 0.175121 0.173441 0.26812
threshold=0.44329611957073217 -0.23147377371788022 0.062591869384050383 0.25693850219249731 19.51705360412598 0.13666949421167376 -0.1461251303553581 0.25177054107189184 -0.58534491062164296 0.85427635908126842 0.010604139417409899 0.088714450597763075 0.045201426371932037 -0.058525150641798966 -0.02978037670254707 -0.30896617472171778 -0.024075428955256935 0.713068187236786 0.23295057564973834 0.13540076464414599 60.014640808105476 -0.29568216204643244 -0.099991329014301286 0.55526316165924083 -0.21004766970872876 0.15956141054630282 -0.0215564826503396 0.88039863109588634 0.91433092951774608 0.85403534770011913 1.0000000180025095e-35 -0.070080284029245363 -0.024576059542596337 -0.16917795687913892 0.28611312806606298 -0.44188536703586573 0.11487044766545297 0.023573980666697029 -0.0033679294865578409 0.015423921868205072 -0.030609058216214177 -0.10885842517018317 -0.12780660390853879 -0.37178942561149592 0.080782417207956328 0.015851070173084739 0.0044955078046768912 0.041276482865214355 0.44852606952190405 0.10314935818314554 0.052493443712592132 0.0245550936087966 -0.024944849312305447 0.012836991809308531 -0.25297228991985315 0.026035167276859287 0.17521790415048602 0.69035822153091442 0.18622591346502307 0.063481785356998457 -0.1789240017533302 0.11687882989645006
decision_type=2 2 2 2 2 2 2 2 2 2 2 2 2 2 2 2 2 2 2 2 2 2 2 2 2 2 2 2 2 2 2 2 2 2 2 2 2 2 2 2 2 2 2 2 2 2 2 2 2 2 2 2 2 2 2 2 2 2 2 2 2 2
left_child=1 3 7 4 -1 8 31 13 -2 16 -10 -12 -9 22 15 46 -7 45 -19 -20 -21 -22 23 25 -25 -3 -17 29 -29 30 -28 -4 33 34 -32 36 37 -34 40 41 -35 -40 43 -27 -41 47 -15 -8 -16 50 51 -37 -53 -51 55 -55 60 -45 -13 -38 61 -56
right_child=5 2 6 -5 -6 9 17 12 10 -11 11 58 -14 14 48 26 -18 18 19 20 21 -23 -24 24 -26 42 27 28 -30 -31 32 -33 35 38 -36 49 59 -39 39 44 -42 -43 -44 57 -46 -47 -48 -49 -50 53 -52 52 -54 54 56 -57 -58 -59 -60 -61 -62 -63
leaf_value=1.7202398537293726e-06 -0.0069679248169803422 -4.3269885013082412e-06 0.007010371283406743 0 0.0097069313659806523 0.0017790925552532413 -0.002097944841042353 -0.0014146832442521518 -0.0010705623124470515 0.0036545300728272005 0 -0.0041797165717035092 0.0004915243115846175 0 -0.00029932368970074616 -0.00083827280333184564 -0.0026329168812116365 0.0053919295759055942 -0.00078643842269723982 0.00010599209221814258 0.00061395349828442477 0.0057012467414580062 0.00010495514536331958 -0.0026156107909685259 0.0016532447766603939 0.0056426405102353201 0.0032045780313615492 0.0024379833156189697 -0.00053790778855543808 -0.00054668169188746662 0.007722469112646263 0.0023282376777875057 0 0.00010264904711177971 0.00064955732699853322 0.00015299849703324987 0.0013058197554932866 0.0071308803733325368 0.00359546503135008 -0.0012731085721947517 -0.0017973651358248036 0.0009313973884312502 0.00042331918665500402 0.0013828928807542024 0.00062321437494254855 0.0012134124203013225 -0.0032270358908149509 0.00075307161521460334 -0.0018944348539762111 0.00098742060832568705 -0.00019203802502062238 0.00037934091518880856 0.0061598324398321061 0.0025610864597772789 -0.00047999002414287776 -4.8121214568022562e-06 0.0014758981214666135 0.0044082981441880909 -0.00063980579431940866 -0.0010417973616634404 -0.00027751173654798822 -0.0022648691852335577
leaf_weight=57 60 260 50 62 85 53 174 970 337 60 68 379 276 59 6429 540 118 76 202 149 55 88 2158 127 76 71 81 253 91 1005 56 105 71 593 65 322 149 82 95 219 208 1141 263 522 419 142 131 74 200 338 711 54 98 106 697 163 109 65 58 168 2200 337
leaf_count=57 60 260 50 62 85 53 174 970 337 60 68 379 276 59 6429 540 118 76 202 149 55 88 2158 127 76 71 81 253 91 1005 56 105 71 593 65 322 149 82 95 219 208 1141 263 522 419 142 131 74 200 338 711 54 98 106 697 163 109 65 58 168 2200 337
internal_value=-3.36395e-05 6.8601e-05 3.1026e-05 0.00418941 0.00600029 -0.00215709 0.00125082 -2.97467e-05 -0.00274165 1.84876e-05 -0.00240686 -0.00324722 -0.000972357 2.57208e-05 -6.1746e-05 0.000117681 -0.00111848 0.000776297 0.00150343 0.000849801 0.0020666 0.00392777 0.000457219 0.000988194 -0.000894433 0.0013332 0.000161169 0.000218649 0.00157855 0.000166623 0.000254115 0.00401706 0.000222503 0.000582366 0.00414704 3.84925e-05 0.00125967 0.00373288 0.000411033 0.000754093 -0.00036036 0.00115775 0.00173771 0.00222438 0 -0.000222987 -0.00211901 -0.00114683 -0.000351359 -6.8524e-05 0.000476697 0.00153163 0.00427815 -0.000238458 -0.000360213 0.000916397 -0.000470537 0.00176392 -0.0037683 0 -0.000544087 -0.0010867
internal_weight=24430 23297 23093 204 142 1133 1115 21978 902 231 842 505 1246 20732 17190 10561 171 960 570 494 292 143 3542 1384 203 1181 10371 9831 344 9487 8482 155 8401 2796 121 5605 470 153 2675 1874 801 1236 921 658 638 390 190 248 6629 5135 1185 474 152 3950 3612 269 3343 587 437 317 3234 1034
internal_count=24430 23297 23093 204 142 1133 1115 21978 902 231 842 505 1246 20732 17190 10561 171 960 570 494 292 143 3542 1384 203 1181 10371 9831 344 9487 8482 155 8401 2796 121 5605 470 153 2675 1874 801 1236 921 658 638 390 190 248 6629 5135 1185 474 152 3950 3612 269 3343 587 437 317 3234 1034
is_linear=0
shrinkage=0.05


Tree=9
num_leaves=63
num_cat=0
split_feature=26 11 35 43 26 11 15 30 17 29 7 20 26 8 38 29 35 29 36 26 38 10 43 8 0 36 40 29 24 27 15 22 35 29 39 2 36 29 30 14 28 11 30 26 35 26 43 36 26 31 17 0 27 8 2 35 39 10 30 40 10 6
split_gain=1.64947 1.47887 0.921211 0.666318 0.544601 0.645771 0.484191 0.47693 0.428693 0.39018 0.343581 0.475364 0.475656 0.419753 0.342963 0.395897 0.29231 0.280638 0.396415 0.274008 0.412877 0.387509 0.283221 0.250033 0.240293 0.234479 0.28558 0.281011 0.234749 0.232275 0.267221 0.424503 0.325681 0.537384 0.227703 0.208623 0.20837 0.205992 0.203098 0.327876 0.202609 0.196534 0.184242 0.181112 0.176927 0.329697 0.173976 0.287427 0.173567 0.171303 0.167961 0.194382 0.334434 0.160618 0.153582 0.148741 0.152097 0.296215 0.207177 0.148504 0.142702 0.139207
threshold=-0.30896617472171778 0.074310209602117552 -0.43739275634288782 0.33217981457710272 -0.58534491062164296 0.077827237546443953 0.070331726223230376 5.1503376960754403 -0.04457824490964412 0.30067411065101629 -0.074399322271347032 -0.020744623616337773 -0.21579454094171521 -0.12623561918735501 -0.12177754938602446 0.013307129964232446 -0.65860569477081288 0.063031733036041274 0.85427635908126842 -0.35503247380256647 0.010604139417409899 0.046102492138743408 0.2331766560673714 -0.14979387819766996 -0.019969760440289971 0.29098817706108099 71.526294708251967 -0.35271070897579188 -0.17671456187963483 -0.21692179888486859 0.048912104219198234 -0.057303942739963525 0.8511546552181245 0.23041226714849475 -0.026227813214063641 -0.024359755218029019 0.02909604832530022 0.17261949181556704 0.63584309816360485 0.8896499276161195 0.85261660814285289 0.086092781275510802 -0.019698062911629673 -0.19039867818355558 0.082149669528007521 -0.40751141309738154 0.19214499741792682 0.17452312260866168 -0.14492392539978025 -0.22200592607259748 -0.0041141684632748357 0.021707396022975448 0.49597281217575079 0.23097394406795504 0.12854884564876559 0.4185504168272019 -0.010766543447971342 0.012536751572042705 0.18080043792724612 61.439678192138679 0.016250762157142166 -0.037720011547207825
decision_type=2 2 2 2 2 2 2 2 2 2 2 2 2 2 2 2 2 2 2 2 2 2 2 2 2 2 2 2 2 2 2 2 2 2 2 2 2 2 2 2 2 2 2 2 2 2 2 2 2 2 2 2 2 2 2 2 2 2 2 2 2 2
left_child=4 10 3 -3 -1 19 7 8 -4 -5 13 12 25 16 -10 -16 -2 49 44 20 22 -21 -6 -13 -25 27 35 -12 -29 54 31 32 37 -34 -18 -27 -30 48 39 -28 -20 -8 -32 -39 -19 -46 -15 -48 -31 -7 -50 52 -52 -47 -14 56 60 -58 -59 -51 -33 -17
right_child=1 2 6 9 5 17 41 -9 14 -11 11 23 29 46 15 61 34 18 40 21 -22 -23 -24 24 -26 26 38 28 36 30 42 55 33 -35 -36 -37 -38 43 -40 -41 -42 -43 -44 -45 45 53 47 -49 50 59 51 -53 -54 -55 -56 -57 57 58 -60 -61 -62 -63
leaf_value=-0.005247033844686679 -0.00071075735629329945 0.0002001151479194014 -0.0034224651458829936 0.0091184913437300456 0.0010677675729321718 -0.00024328546229287226 0.00095065716908858074 -0.0034927819982171061 0.0041304745980558144 0.0026008377893652658 -0.002400106724112944 -0.0023321152431890371 -0.00017153030125655673 0.0013944782313462154 -0.00013138606029863598 0.00027655594878726539 0.0031634056161061182 0.00031245119129341068 0.0034064597827484356 -0.0018830609469653232 -0.0037585584629996251 0.00097256035523764618 -0.002329496824656651 0.00024693220404271447 -0.00042908420759257652 4.1019945771554275e-05 0 0.0038261707560060193 -0.0015686143446533433 0.00036780018334547449 0.00048942133598939275 -0.00051976151491953451 0.0060382638581178167 0.00092690275035629778 0.00027641179183189552 -0.0016504914284442348 0.0017406298838440937 0.0026812495420462448 -0.0012164314898438836 0.0047013971434453281 -7.3739993948514443e-05 0.0046087717506731237 -0.00070035701658884919 0 -0.0043786101054709252 -0.0025811947930897416 -0.0033568014411796488 0 0 0.0035144304001320779 0.0020971490204479307 0.00065390530291295707 0.0066743682938007025 0.00043692424742448795 0.001867791227398874 -5.4281019327120542e-05 1.4700974721510856e-05 0.0013306982043850644 0.0043333599012408217 0 0.00066879940449798413 0.0025472199221505025
leaf_weight=91 74 63 50 83 92 78 79 62 94 50 59 157 2594 144 449 121 311 69 68 404 369 155 149 1593 6565 196 141 70 77 366 549 422 90 154 113 847 113 69 111 54 74 130 758 703 111 67 77 316 101 101 400 209 52 99 94 1793 363 311 88 56 593 300
leaf_count=91 74 63 50 83 92 78 79 62 94 50 59 157 2594 144 449 121 311 69 68 404 369 155 149 1593 6565 196 141 70 77 366 549 422 90 154 113 847 113 69 111 54 74 130 758 703 111 67 77 316 101 101 400 209 52 99 94 1793 363 311 88 56 593 300
internal_value=-1.38879e-05 0.000108453 0.00163459 0.00486231 -0.0013963 -0.00119654 0.00112112 0.000663427 0.000943793 0.00687443 0 -4.73097e-05 0.000161224 0.000887096 0.00119784 0.000850067 0.00193344 0 -0.000705031 -0.00192282 -0.0026835 -0.00104641 -0.00092957 -0.000335635 -0.000294008 -0.000613788 -0.000909254 0.000556909 0.00132721 0.00029697 0.000448902 0.000597471 0.00115687 0.00292298 0.00245412 -0.0013088 0.000267684 0.0009162 0.000370938 0.00140319 0.0014235 0.00335094 -0.000181479 0.000246299 -0.00165153 -0.00223053 -3.76445e-05 -0.000627029 0.00135221 0.00139574 0.0017917 0.00208209 0.00268577 -0.000635175 -9.05818e-05 0.000254401 0.000579855 0.00111916 0.00206011 0.00236695 0.000150008 0.00195502
internal_weight=24191 22208 1481 196 1983 1892 1285 1076 1014 133 20727 19692 11377 1035 964 870 498 723 488 1169 610 559 241 8315 8158 1668 1349 319 260 9709 7021 5714 2144 244 424 1043 190 1900 306 195 142 209 1307 772 346 277 537 393 1128 235 762 661 452 166 2688 3570 1777 762 399 157 1015 421
internal_count=24191 22208 1481 196 1983 1892 1285 1076 1014 133 20727 19692 11377 1035 964 870 498 723 488 1169 610 559 241 8315 8158 1668 1349 319 260 9709 7021 5714 2144 244 424 1043 190 1900 306 195 142 209 1307 772 346 277 537 393 1128 235 762 661 452 166 2688 3570 1777 762 399 157 1015 421
is_linear=0
shrinkage=0.05


Tree=10
num_leaves=63
num_cat=0
split_feature=38 4 38 15 36 26 26 29 19 32 19 15 43 15 8 34 17 4 11 36 26 24 23 23 41 20 37 10 10 2 20 35 23 37 0 38 36 8 24 4 4 11 26 34 10 29 37 9 36 26 33 43 15 36 11 23 16 44 10 43 37 36
split_gain=1.39945 1.24307 0.788066 0.616552 0.559524 0.467978 0.464885 0.388897 0.346356 0.332934 0.311051 0.441118 0.255831 0.252368 0.260182 0.250807 0.239998 0.238701 0.322158 0.238095 0.23467 0.328521 0.264252 0.255912 0.374271 0.250179 0.231868 0.226803 0.21737 0.208652 0.407374 0.282291 0.204731 0.195017 0.188081 0.18638 0.185227 0.221189 0.340745 0.285289 0.21661 0.213045 0.523807 0.386115 0.271449 0.476032 0.201873 0.197993 0.1825 0.176376 0.527318 0.174057 0.172662 0.172596 0.250902 0.172476 0.170998 0.162687 0.170079 0.159267 0.182836 0.15598
threshold=-0.10254577174782752 0.44329611957073217 0.13666949421167376 0.041355377063155181 0.88796809315681469 -0.40751141309738154 -0.58534491062164296 4.2070143222808847 0.0050774312112480411 -0.12351609393954276 0.1505842059850693 0.087558109313249602 0.48314641416072851 0.040206322446465499 -0.1461251303553581 -0.24137619137763974 -0.0021515786647796627 0.25177054107189184 0.062666215002536788 0.16214017570018771 -0.29102647304534907 -0.20845330506563184 0.29353436827659612 0.17710389196872714 0.55000001192092907 -0.018943845294415947 0.046144409105181701 0.018877559341490272 0.074280921369791045 0.16944944113492968 -0.096564766019582735 0.91933783888816845 0.06222320348024369 0.030550336465239528 -0.04245899245142936 0.010604139417409899 -0.16831128299236295 -0.023679388687014576 -0.099540475755929933 -0.15843540430068967 -0.027841577306389805 0.022656111977994445 -0.1689721271395683 0.27383416891098028 0.019138791598379615 0.10596862435340883 0.011154861655086281 0.046714656054973609 0.080782417207956328 -0.013144396711140869 -0.41530418395996088 0.31197200715541845 0.038536598905920989 -0.35753548145294184 0.03635582514107228 0.12678827345371249 0.014676853548735382 0.0044955078046768912 0.037317121401429183 0.38513000309467321 0.033519180491566665 0.76309680938720714
decision_type=2 2 2 2 2 2 2 2 2 2 2 2 2 2 2 2 2 2 2 2 2 2 2 2 2 2 2 2 2 2 2 2 2 2 2 2 2 2 2 2 2 2 2 2 2 2 2 2 2 2 2 2 2 2 2 2 2 2 2 2 2 2
left_child=3 4 6 15 7 9 -3 8 16 -4 11 17 28 -12 -15 -1 27 20 55 -8 57 33 23 25 49 36 -16 -2 -5 31 51 32 -6 -22 -27 -21 53 38 39 46 -39 42 43 -42 48 -46 -38 -43 -44 56 -51 -31 -41 54 -23 -19 -25 58 -10 60 -37 -20
right_child=1 2 5 12 29 -7 19 -9 10 -11 13 -13 -14 14 26 -17 -18 18 61 35 21 22 -24 24 -26 34 -28 -29 -30 30 -32 -33 -34 -35 -36 59 37 40 -40 52 41 47 44 -45 45 -47 -48 -49 -50 50 -52 -53 -54 -55 -56 -57 -58 -59 -60 -61 -62 -63
leaf_value=0.0036493660379570015 0.00029790437859483066 -0.0066930851387325676 0.0025759996549026224 0.0030704123721945857 0.0040309387429452621 0.0048208021937943667 0 -0.0038139714603837496 -0.0013323599363148616 -0.0019085969334962417 -0.00087275313799271793 -0.0017741125776731697 0.0023083220453407422 0.0042138500159474021 0.00020522417723472307 -0.00040856694435481393 0.00054202455776918435 -0.0017944102192008387 -0.000335582719682539 -0.0012774854154094359 0.0034336285803001376 -0.001004767285205309 -0.0016794355526530587 -6.0211490633517927e-05 0.0035899076656108089 0.0013157062567228715 0.0038674250350374246 0.0050481816521831093 0.0084406067581911538 0.0029849842602004098 0.0063856303161636254 -0.0009156561713043811 0.00096928303473487072 5.2615849944275053e-05 -0.00029703284537244286 -0.0046958885873202233 0.0009284923752594708 -0.00056903713780881578 0.00035434666991772086 0.0019617015904567457 0.0062781539504045171 -0.00010067319295309998 0.0024448655258864169 0.0013591873322797638 0.0046368879372743086 -6.4741599908713847e-05 0.0053841328216450556 0.0029093892852091949 -0.00034238340454523111 0.0052448171288866936 0.00021425130126459825 -0.00081964676076911886 -0.00080102318126176091 -0.0013016084191650851 0.0014922952494716498 0 0.0016221504512344026 -0.0022334766740341439 0.002188347508717508 -7.3520591858965918e-05 -0.0019086073316616219 0.0017544551483423137
leaf_weight=50 62 62 60 52 73 56 130 66 92 122 101 372 91 91 249 125 1317 552 197 299 112 210 228 1146 101 180 57 63 72 53 59 150 416 94 6913 187 58 1182 2497 125 66 2802 62 150 89 110 87 55 792 72 228 53 87 406 188 211 170 195 54 53 146 144
leaf_count=50 62 62 60 52 73 56 130 66 92 122 101 372 91 91 249 125 1317 552 197 299 112 210 228 1146 101 180 57 63 72 53 59 150 416 94 6913 187 58 1182 2497 125 66 2802 62 150 89 110 87 55 792 72 228 53 87 406 188 211 170 195 54 53 146 144
internal_value=1.97138e-05 -2.76584e-05 -0.00165811 0.00298942 5.0887e-05 0.000815179 -0.00235788 2.45839e-06 1.51495e-05 -0.000290165 -3.63207e-05 -6.82094e-05 0.00479978 0.00119471 0.00178402 0.000615486 0.00076485 -3.46064e-05 -0.000748919 -0.00199353 6.57492e-06 3.2267e-05 8.12809e-06 3.12262e-05 0.000612009 -2.93304e-05 0.000974161 0.00290182 0.00641077 0.00134613 0.00299571 0.000879084 0.00148106 0.00201576 -0.000252492 -0.00236562 0.000144429 0.000217988 0.00057331 0.00203226 2.21938e-05 0.000197674 0.000737588 0.00298871 0.00025089 0.00191904 0.00378301 -3.34787e-05 -0.000109461 0.000409372 0.0015115 0.00085301 0.000711078 -0.000570926 0.000112407 -0.00132865 0.000138659 -0.00129026 0 -0.00314107 -0.00355349 0.000475084
internal_weight=24342 23952 1115 390 22837 238 877 22033 21967 182 20525 20027 215 498 397 175 1442 19655 1104 815 18551 18210 18004 17776 1717 16059 306 125 124 804 165 639 489 206 7093 685 8966 8162 2854 357 5308 4126 1269 216 1053 199 145 2857 854 1616 300 106 212 804 398 763 1316 341 146 386 333 341
internal_count=24342 23952 1115 390 22837 238 877 22033 21967 182 20525 20027 215 498 397 175 1442 19655 1104 815 18551 18210 18004 17776 1717 16059 306 125 124 804 165 639 489 206 7093 685 8966 8162 2854 357 5308 4126 1269 216 1053 199 145 2857 854 1616 300 106 212 804 398 763 1316 341 146 386 333 341
is_linear=0
shrinkage=0.05


Tree=11
num_leaves=63
num_cat=0
split_feature=8 4 29 36 11 10 30 4 30 24 44 24 6 30 4 30 4 34 10 30 40 8 43 29 11 29 25 4 19 23 41 43 11 32 4 21 25 8 7 41 6 28 36 36 25 6 34 30 5 44 30 33 29 37 32 4 42 24 30 11 36 4
split_gain=1.47356 1.26718 0.872743 1.21001 0.656304 0.521477 0.563117 0.353378 0.486769 0.328845 0.454226 0.338532 0.323273 0.317137 0.323619 0.311328 0.301302 0.264693 0.262836 0.38106 0.69704 0.509286 0.387983 0.692639 0.368785 1.50965 0.358329 0.340145 0.318906 0.285466 0.264955 0.517374 0.650985 0.260093 0.239583 0.233911 0.226747 0.219311 0.371755 0.219187 0.214216 0.209962 0.206553 0.205034 0.232749 0.30112 0.326531 0.204086 0.194294 0.2304 0.183787 0.180935 0.17896 0.274698 0.176701 0.174492 0.17275 0.160785 0.156785 0.302846 0.399403 0.211377
threshold=-0.23147377371788022 0.44329611957073217 0.52901366353034984 0.2340006157755852 0.097016993910074248 0.059047434478998191 1.4439003467559817 0.22712958604097369 0.1183806285262108 -0.051506567746400826 -0.007599516073241829 -0.28307475149631495 0.061346245929598815 -0.71078795194625843 -0.038159374147653573 4.295896291732789 0.72096338868141185 0.38613319396972662 0.016912458464503292 -0.15641501545906064 66.413784027099624 -0.010385322384536265 0.30442400276660925 -0.26665928959846491 0.019599346444010738 -0.10216519609093665 0.38251699507236486 -0.11839650571346282 0.054225081577897079 0.070594169199466719 0.55000001192092907 0.16272492706775668 0.03114951774477959 -0.30519433319568628 0.0038492057938128714 0.08422426134347917 0.24650885909795764 0.26749835908412939 0.067429959774017348 0.35000000894069677 -0.038349190726876252 1.2229972481727602 0.85074520111083995 0.78392398357391369 0.12642709910869601 0.055465845391154296 0.88899973034858715 -0.04240398854017257 -0.016454065218567845 0.010602382943034174 0.1183806285262108 0.36534945666790014 -0.19599734246730802 0.033519180491566665 -0.46838279068469996 0.54791840910911571 0.42499999701976782 -0.11028724536299704 -0.15996537357568738 0.012154110707342626 0.080782417207956328 -0.054955925792455666
decision_type=2 2 2 2 2 2 2 2 2 2 2 2 2 2 2 2 2 2 2 2 2 2 2 2 2 2 2 2 2 2 2 2 2 2 2 2 2 2 2 2 2 2 2 2 2 2 2 2 2 2 2 2 2 2 2 2 2 2 2 2 2 2
left_child=2 5 3 -1 16 7 9 13 39 11 -11 -7 54 14 -2 17 52 -6 29 20 22 -22 26 -24 25 -21 27 28 -20 58 -29 32 -32 -30 47 -35 48 38 -10 -9 -28 43 -31 -26 45 56 -47 -13 -36 -50 -12 -23 -3 -54 -8 -55 -45 -42 -15 60 -60 -62
right_child=1 4 -4 -5 15 6 12 8 37 10 50 34 -14 18 -16 -17 -18 -19 19 24 21 51 23 -25 41 -27 40 30 33 42 31 -33 -34 35 36 -37 -38 -39 -40 -41 57 -43 -44 44 -46 46 -48 -49 49 -51 -52 -53 53 55 -56 -57 -58 -59 59 -61 61 -63
leaf_value=0.010073444716632367 0.0057006023658236656 -0.0004968134421773307 -0.00072156427229203067 0 0.002994330085400078 -0.00014090698678046465 -0.0016115611671910059 0 0.00092098782696507526 0.0023618159690779062 -0.0039635022565185493 0.0071292181641473317 -0.0030589263821737128 -0.00023350868024732551 0 -0.0026101703843744335 -0.0039974740234144553 -0.0001950712150765436 0.0005833733558999898 0.0071552209185631894 0.0076263618905046534 3.9394276395235979e-05 0.00019849750942324269 0.0076968277255903082 -0.00015746860176103834 -8.2041354021490667e-05 0.00040907822971627899 3.1007341352807284e-05 0.0063768796604311119 -0.00067221555115546002 0.0013087577998115447 -0.0012791045930480047 0.0080367141886208537 0.0049176731144152065 0.0051938437927124461 0.00079074496508367391 0 0.0029277165754737849 -0.0017006868977610453 -0.0019077890370220376 0.00097506196321089662 -0.0010616843965231902 0.0011061840940413523 0.00091979858048470717 0.0010801138363788685 0.004540369934292408 -0.0003169337915175635 0.00295454567675257 0 0.0035228649366554387 -1.8062420728981396e-05 0.0029519007375658247 -0.0035726282522547726 0.00080504379870069236 0.001114957008757285 -0.0024105620795601846 -0.0012159221642728086 -0.0017466988616563252 0.0048158653862003216 6.5366367191220921e-05 0.0025635265212428449 0
leaf_weight=87 50 239 51 50 112 103 81 213 374 130 55 56 97 2281 55 66 227 123 422 90 50 109 98 50 5483 322 234 2239 50 2754 175 98 50 53 64 158 98 70 211 686 50 518 163 109 807 63 57 157 112 90 92 154 219 80 196 75 413 400 78 2044 112 263
leaf_count=87 50 239 51 50 112 103 81 213 374 130 55 56 97 2281 55 66 227 123 422 90 50 109 98 50 5483 322 234 2239 50 2754 175 98 50 53 64 158 98 70 211 686 50 518 163 109 807 63 57 157 112 90 92 154 219 80 196 75 413 400 78 2044 112 263
internal_value=2.59757e-05 -7.46199e-06 0.00442978 0.0065249 -0.00163434 7.2411e-05 0.001033 1.20562e-05 -0.00071277 0.00168244 0.00013179 0.0022768 -0.000562079 6.94922e-05 0.00280832 0.000295836 -0.0023555 0.00122196 5.37518e-05 0.000198542 0.000571757 0.0028565 0.000389892 0.00291745 -6.69729e-06 0.00144506 0.000287961 0.000511763 0.00150978 -0.000173534 0.000235703 0.00157511 0.00292923 0.00290807 0.00275142 0.00195475 0.00184034 0.000292324 0 -0.00147262 -0.000736864 -9.04297e-05 -0.000564098 -1.41743e-05 0.00051067 -0.0001665 0.00203394 0.00418333 0.00259988 0.00164378 -0.00167217 0.00184206 -0.00170394 -0.0024069 0.000226115 -0.000592871 -0.000721657 -0.00138804 5.97111e-05 0.000337569 0.00150923 0.000749381
internal_weight=24266 24078 188 137 1141 22937 1331 21606 1554 957 277 680 374 20052 105 301 840 235 19947 12252 4390 313 4077 148 7862 412 3929 3245 683 7695 2562 323 225 261 577 211 364 655 585 899 684 7450 2917 6932 1449 642 120 213 266 202 147 263 613 374 277 155 522 450 4778 2497 453 375
internal_count=24266 24078 188 137 1141 22937 1331 21606 1554 957 277 680 374 20052 105 301 840 235 19947 12252 4390 313 4077 148 7862 412 3929 3245 683 7695 2562 323 225 261 577 211 364 655 585 899 684 7450 2917 6932 1449 642 120 213 266 202 147 263 613 374 277 155 522 450 4778 2497 453 375
is_linear=0
shrinkage=0.05


Tree=12
num_leaves=63
num_cat=0
split_feature=8 4 40 7 3 15 30 9 30 29 11 36 36 4 40 41 29 1 35 42 3 36 3 6 39 27 25 8 8 3 27 30 25 8 4 30 35 42 23 6 24 28 29 40 24 8 24 25 4 39 11 8 40 23 29 4 15 42 35 30 23 3
split_gain=1.35368 1.02784 0.708173 0.528437 0.509068 0.460755 0.415462 0.385261 0.368701 0.362417 0.4587 0.499751 0.409205 0.295372 0.507569 0.288248 0.269006 0.266543 0.265985 0.26554 0.239983 0.228489 0.222815 0.297079 0.254108 0.230471 0.206457 0.299939 0.31914 0.248894 0.204634 0.200308 0.23301 0.314375 0.276573 0.443931 0.369342 0.24361 0.237466 0.217221 0.24875 0.20262 0.307341 0.202596 0.197321 0.196118 0.45596 0.226187 0.181512 0.178899 0.16964 0.166861 0.185478 0.210488 0.152108 0.150069 0.147804 0.146502 0.133374 0.130175 0.127243 0.191426
threshold=-0.23147377371788022 0.46826477348804479 16.983135223388675 -0.12801525741815564 0.39377598464488989 0.10248322039842607 3.7268481254577641 0.0095189828425645846 -0.0043779469560831777 5.7910320758819589 0.076640080660581603 -0.074503809213638292 0.77805301547050487 0.25177054107189184 78.007091522216811 0.45000000298023229 -0.067178107798099504 -0.083147734403610216 -0.28863663971424097 0.62500000000000011 -0.092109221965074525 0.43039564788341528 0.16265340894460681 0.077488966286182417 0.052774431183934219 -0.39778029918670649 0.041683059185743339 0.027143551036715511 0.12210752069950105 0.029796747490763668 0.2707058191299439 -0.71078795194625843 0.52302423119544994 -0.10207671672105788 -0.12959111481904981 -0.13058117032051084 0.80186864733695995 0.52500000596046459 0.10839346423745157 0.015651009976863865 -0.069338534027338014 -0.1608360558748245 -0.32554320991039271 27.9250020980835 -0.027169299311935898 0.014237743336707355 -0.033031173050403588 0.058359537273645408 0.95721712708473217 -0.0064834777731448403 0.052841356024146087 0.23097394406795504 71.115203857421889 0.1624577194452286 0.24379684031009677 0.66495800018310558 0.04940066114068032 0.42499999701976782 0.75846350193023693 1.3950854539871218 0.095120940357446684 -0.0082154283300042135
decision_type=2 2 2 2 2 2 2 2 2 2 2 2 2 2 2 2 2 2 2 2 2 2 2 2 2 2 2 2 2 2 2 2 2 2 2 2 2 2 2 2 2 2 2 2 2 2 2 2 2 2 2 2 2 2 2 2 2 2 2 2 2 2
left_child=2 3 -1 17 15 7 19 20 -4 10 13 -12 18 22 -15 16 21 44 -13 -6 -5 -3 23 25 -24 -9 27 -27 29 -29 50 -28 34 43 35 36 41 38 -37 40 -40 42 -33 -34 -2 46 60 -48 -17 57 -25 52 53 -14 -51 -23 -46 -47 -42 -55 61 -22
right_child=1 4 8 5 6 -7 -8 9 -10 -11 11 12 51 14 -16 48 -18 -19 -20 -21 45 55 24 30 -26 26 31 28 -30 -31 -32 32 33 -35 -36 37 -38 -39 39 -41 58 -43 -44 -45 56 49 47 -49 -50 54 -52 -53 -54 59 -56 -57 -58 -59 -60 -61 -62 -63
leaf_value=0 0.0061698587529939938 0.0021187876422361584 0.0022454971576681233 -0.0013556941745561132 0.0040494834989947669 -0.0019621317095170994 -0.0024231799028417889 -0.00047399076148231523 0.0086462873782241541 -0.003677690399364253 0.0041481177728422275 0.003152525525203018 0.0043232674161256613 -0.0010001465978763473 0.0033582789122617788 -0.0025271787364815976 -0.0031385676744817336 -0.00012678888025368715 -0.0006035330759887182 0 0.0014364884083464162 0 -0.00015735798989221551 0.0015313404378242529 -0.0026641219006925676 0.0041149636497721078 0.0030567421343028964 0.0028044246921358124 0.0037845499894813006 -0.00012422022104446198 0.00035786960637127396 0.0060974892297567165 0.0001034687637651019 0.0023324889880818279 7.2751085045261125e-05 -0.0010514403175412308 0.0053983623746874905 0.0020340750492463837 -0.0022946352312612755 0.0032519427287142455 0.00012570179730363401 0.00069659613697529966 0.0014411915104782414 -0.002591525976883086 0 -0.00042347966291002591 0.0024846243758917972 -0.00059556557202461533 -0.0058547074661965577 -0.0012077334902304122 0.0056912137794833968 0.0036501105940226933 -0.0013097247561173781 0.0018021299400189197 -7.2455489000556271e-05 -0.0030828340617939831 0.0033706928097197546 0.00202186659857008 0.0023074762748517604 -0.00033126939207506488 -0.00037445042519630901 0.00027413069807785136
leaf_weight=60 51 78 50 499 75 292 83 1212 77 60 127 51 65 994 69 379 104 64 468 89 615 106 492 99 136 75 61 82 74 510 167 50 78 50 8218 458 60 142 90 61 473 680 218 213 58 119 58 2133 64 1003 50 108 52 163 487 62 80 104 89 97 277 1001
leaf_count=60 51 78 50 499 75 292 83 1212 77 60 127 51 65 994 69 379 104 64 468 89 615 106 492 99 136 75 61 82 74 510 167 50 78 50 8218 458 60 142 90 61 473 680 218 213 58 119 58 2133 64 1003 50 108 52 163 487 62 80 104 89 97 277 1001
internal_value=-3.53939e-08 -3.41683e-05 0.00423082 3.45009e-05 -0.0015717 8.0197e-06 0.000323263 3.48757e-05 0.00634106 0.00016561 0.000181668 0.00115447 0.000749029 0.000106117 -0.000692285 -0.00219328 -0.00100905 0.00230507 -0.000183638 0.00186835 -0.000295286 -2.81232e-06 0.000169277 0.000214503 -0.000741689 0.000175189 0.000244699 0.00105945 0.000675018 0.000241267 0.00173687 0.000187188 0.000168662 -0.00110506 0.000212297 0.000695497 0.00148583 6.93865e-05 -0.000148286 0.000397153 8.94627e-05 0.00120913 0.00241275 -0.00178445 0.00325864 -0.000199586 -5.01851e-06 -0.000502071 -0.00307033 -0.000648733 0.00310886 0.00179773 0.00119672 0.00167596 -0.000853595 -0.00113957 0.00198386 0.000607066 0.000517403 0.00091113 0.000557059 0.000732261
internal_weight=24160 23973 187 22933 1040 22680 247 22388 127 16092 16032 1131 1004 14901 1063 793 350 253 519 164 6296 246 13838 13210 628 12894 11682 741 666 592 316 10941 10880 341 10539 2321 1008 1313 1171 713 652 948 268 291 189 5797 4084 2191 443 1713 149 485 377 325 1490 168 138 223 562 260 1893 1616
internal_count=24160 23973 187 22933 1040 22680 247 22388 127 16092 16032 1131 1004 14901 1063 793 350 253 519 164 6296 246 13838 13210 628 12894 11682 741 666 592 316 10941 10880 341 10539 2321 1008 1313 1171 713 652 948 268 291 189 5797 4084 2191 443 1713 149 485 377 325 1490 168 138 223 562 260 1893 1616
is_linear=0
shrinkage=0.05


Tree=13
num_leaves=63
num_cat=0
split_feature=8 4 36 40 10 8 29 6 44 42 4 42 24 9 36 3 29 36 4 20 29 6 35 11 3 28 40 35 34 36 0 4 11 9 24 3 8 43 29 34 20 2 8 24 11 36 23 36 12 20 9 27 12 11 8 35 40 42 34 2 23 8
split_gain=1.29164 1.08649 0.680127 0.868205 0.591256 0.703108 0.565401 0.454087 0.40219 0.455967 0.372964 0.465087 0.3663 0.35108 0.25594 0.441611 0.236259 0.36163 0.288151 0.23326 0.370201 0.295112 0.259827 0.331777 0.266076 0.251155 0.218787 0.331304 0.280136 0.215255 0.281781 0.227547 0.183326 0.258163 0.177738 1.57899 0.289168 0.249031 0.315312 0.176127 0.223706 0.170704 0.222948 0.268419 0.188361 0.285509 0.244758 0.168756 0.272675 0.163637 0.164839 0.161806 0.161734 0.156434 0.231592 0.15563 0.152991 0.145404 0.139156 0.135031 0.197997 0.137006
threshold=-0.23147377371788022 0.44329611957073217 0.25693850219249731 19.51705360412598 0.062591869384050383 -0.14979387819766996 5.7910320758819589 -0.042603436857461922 0.015955776907503608 0.57500001788139354 0.72096338868141185 0.42499999701976782 -0.02746808901429176 0.04776465333998204 0.73780983686447155 0.10153172910213472 3.3767715692520146 0.88796809315681469 0.2735500186681748 -0.041578596457839005 0.93034505844116222 -0.033394301310181611 -0.34135913848876948 0.074310209602117552 0.20879478007555011 0.94075006246566784 57.800815582275398 0.91433092951774608 0.77152705192565929 0.79580780863761913 0.003633063868619502 -0.020523919723927971 0.061354061588644988 0.019693880341947082 -0.16691105812788007 -0.018848188221454617 0.13227953016757968 0.14054964482784274 0.65791842341423046 0.17953164130449298 -0.07459086179733275 0.0062379327137023219 0.0025365049950778489 -0.096456397324800477 0.037953596562147147 0.29659396409988409 0.10674015432596208 0.49071061611175543 0.0098741059191525 -0.14214442670345304 0.04133658483624459 0.30127488076686865 0.033881731331348426 0.060107281431555755 -0.060665976256132119 0.4185504168272019 41.01472473144532 0.37500000000000006 0.49359272420406347 -0.046947171911597245 0.071202091872692122 -0.085746284574270235
decision_type=2 2 2 2 2 2 2 2 2 2 2 2 2 2 2 2 2 2 2 2 2 2 2 2 2 2 2 2 2 2 2 2 2 2 2 2 2 2 2 2 2 2 2 2 2 2 2 2 2 2 2 2 2 2 2 2 2 2 2 2 2 2
left_child=2 4 3 -1 16 12 7 52 10 -10 11 -3 -6 -11 -9 -16 17 18 19 20 22 25 23 -2 29 56 -19 28 -28 34 -31 -32 57 -34 35 -24 -37 39 -39 55 47 59 43 53 46 -46 -45 -41 -49 -17 -51 -33 -7 54 -43 -36 -21 -20 -22 60 -23 -61
right_child=1 8 -4 -5 5 6 -8 14 9 13 -12 -13 -14 -15 15 49 -18 26 32 21 58 41 24 -25 -26 -27 27 -29 -30 30 31 51 33 -35 37 36 -38 38 -40 40 -42 42 -44 44 45 -47 -48 48 -50 50 -52 -53 -54 -55 -56 -57 -58 -59 -60 61 -62 -63
leaf_value=0.00042836934416776618 0.0010177116644879238 0.0018383508495208999 0 0.0092070837111998642 0.0062371918531689656 -0.0013451573766542014 -0.0043575437597575643 0.00018750861798394935 0.002895810329063872 0.00084793864777362577 -0.0039936800635492174 -0.0020297780293920403 0.00097297127936563804 -0.0030875192504205115 0.0064133389271766872 0 -0.0022947177237106695 0.00018893900559428526 0.00062884585684204995 0.00068442307821238945 0.00013940149265097949 0.0026687057938657864 0.0095270293405150426 0.0055528869274957572 -0.0014066883018319142 -0.0024532643456212028 0.0011112066108341279 0 0.0055762944078261208 -0.00016580503753997004 0.004374913144856692 0.0026458298133778461 0.0027219176325378076 -0.00072239479601816979 0.0024899228311884387 -0.00091686576320840923 0.0026362840052172117 -0.00036273575088493636 0.0022971445803236729 0 1.2885599944755108e-05 0.005275443041211237 -0.00029838178256137964 0.00018476210253815818 -0.0041658047348076153 7.6651237023299976e-05 0.0032236708451132256 0.00056126793151523805 0.0053679786303546285 0.00079833640808401175 0.0039277505855709657 0 0.00083013407575742047 -0.00033940984788395975 0.0013399231591120265 0 -0.00011731980665209373 -0.0015405315437505406 -0.001481205377769615 -0.0011553548566396079 -6.9242909127906731e-05 -0.00036955234163916839
leaf_weight=52 360 85 61 83 96 220 52 211 93 91 215 497 70 122 64 124 112 277 70 1958 163 68 50 50 210 74 85 91 91 165 97 108 75 182 207 227 76 1957 116 104 1054 57 2139 1429 60 84 71 82 62 109 109 126 125 51 203 77 784 641 378 668 1687 5190
leaf_count=52 360 85 61 83 96 220 52 211 93 91 215 497 70 122 64 124 112 277 70 1958 163 68 50 50 210 74 85 91 91 165 97 108 75 182 207 227 76 1957 116 104 1054 57 2139 1429 60 84 71 82 62 109 109 126 125 51 203 77 784 641 378 668 1687 5190
internal_value=8.15031e-06 -2.3738e-05 0.00404625 0.00602421 4.87499e-05 0.00113882 0.000614971 0.000911854 -0.001557 0 -0.00214831 -0.00142083 0.00417708 -0.00129103 0.00173293 0.00247337 -9.0892e-06 1.60617e-06 -2.99785e-05 9.20584e-06 0.000282319 -9.56876e-05 0.000416974 0.00163777 0.000305425 0.000360603 0.00127497 0.00230576 0.00357076 0.000390874 0.001385 0.00223256 -0.000872741 0.000189001 0.000261583 0.00134145 0 0.000150403 -0.00020132 0.000625803 0.000355135 -0.00020759 4.74296e-05 0.000438552 0.00016665 -0.00152633 0.000346291 0.00170614 0.00281525 0.00165479 0.00248287 0.00123044 -0.000484589 0.00179304 0.00230715 0.001776 0.000446091 -0.00129152 -0.000947081 -0.000348008 2.33318e-05 -0.000463517
internal_weight=24295 24099 196 135 22996 1180 1014 962 1103 306 797 582 166 213 617 406 21816 21704 21160 20192 5669 14523 5128 410 4718 2816 544 267 176 4508 496 331 968 257 4012 353 303 3659 2073 1586 1302 11707 4094 1955 1644 144 1500 248 144 342 218 234 345 311 260 284 2742 711 541 7613 1755 5858
internal_count=24295 24099 196 135 22996 1180 1014 962 1103 306 797 582 166 213 617 406 21816 21704 21160 20192 5669 14523 5128 410 4718 2816 544 267 176 4508 496 331 968 257 4012 353 303 3659 2073 1586 1302 11707 4094 1955 1644 144 1500 248 144 342 218 234 345 311 260 284 2742 711 541 7613 1755 5858
is_linear=0
shrinkage=0.05


Tree=14
num_leaves=63
num_cat=0
split_feature=7 4 2 11 36 26 36 24 30 24 23 10 30 4 24 30 3 26 38 9 26 10 8 15 26 38 8 36 30 30 36 24 36 7 35 26 37 26 11 35 11 4 26 38 35 4 37 30 8 11 4 8 30 2 37 19 26 35 17 3 39 35
split_gain=1.17269 1.0449 0.513896 0.408281 0.555226 0.406704 0.383581 0.355276 0.496802 0.752997 0.428084 0.403558 0.489362 0.349488 0.345492 0.35076 0.34371 0.334497 0.367637 0.398547 0.314806 0.401082 0.309172 0.298444 0.274085 0.267805 0.257734 0.251663 0.23976 0.301947 0.298748 0.280934 0.238563 0.226292 0.223425 0.221421 0.328447 0.25453 0.247772 0.247783 0.22783 0.22167 0.283926 0.212659 0.211036 0.209106 0.20512 0.224376 0.193913 0.191203 0.189269 0.187479 0.187443 0.230533 0.201593 0.182757 0.176422 0.188347 0.170363 0.169725 0.406414 0.202053
threshold=-0.13705834001302716 0.46826477348804479 -0.22865550965070722 0.081762049347162261 0.14119598269462588 -0.26719814538955683 -0.020315298810601231 -0.10399807617068289 -0.32155708968639368 -0.16691105812788007 0.032071640715003021 0.062591869384050383 0.1183806285262108 0.11652952432632448 -0.098481457680463777 4.295896291732789 -0.22154650837182996 -0.58534491062164296 0.11098580807447435 0.05366810783743859 -0.30896617472171778 0.046581301838159568 0.037471150979399688 0.062127025797963149 -0.094813533127307878 0.0036580646410584454 -0.044481342658400529 0.62886494398117077 -0.30992344021797175 2.0090172290802006 0.88432013988494884 -0.071506921201944337 0.80985265970230114 -0.0090078399516642076 0.64683035016059887 -0.079560525715351091 -0.01399882650002837 -0.020302906632423397 0.060731744393706329 1.0000000180025095e-35 0.012466616928577425 0.12560681253671649 -0.18042957782745359 0.063147921115160002 0.88627696037292492 0.61900952458381664 0.019091872498393062 1.5519406199455263 0.099568340927362456 0.032973308116197593 -0.013363881036639212 0.12937656044960025 0.38628971576690679 0.12429670244455339 0.0069965270813554534 0.17385814338922503 -0.35503247380256647 0.71583130955696117 -0.036073958501219743 -0.093604195863008485 -0.030966759659349915 0.090593136847019209
decision_type=2 2 2 2 2 2 2 2 2 2 2 2 2 2 2 2 2 2 2 2 2 2 2 2 2 2 2 2 2 2 2 2 2 2 2 2 2 2 2 2 2 2 2 2 2 2 2 2 2 2 2 2 2 2 2 2 2 2 2 2 2 2
left_child=2 3 -1 5 13 28 -3 8 9 -7 49 23 -13 24 15 20 -4 -8 25 -20 -6 -22 -23 26 -5 -19 33 -28 -2 30 31 44 -16 -10 43 38 58 59 39 40 -9 -42 -43 -29 56 -21 47 48 50 -11 -36 -27 53 -25 -54 -18 -30 -58 -37 61 -61 -38
right_child=1 6 16 4 14 7 17 35 11 10 -12 12 -14 -15 32 -17 55 18 19 45 21 22 -24 52 -26 51 27 34 29 -31 -32 -33 -34 -35 46 36 37 -39 -40 -41 41 42 -44 -45 -46 -47 -48 -49 -50 -51 -52 -53 54 -55 -56 -57 57 -59 -60 60 -62 -63
leaf_value=-0.00012985693342396177 -0.002090612862928489 0.0017554077180590923 0.0067425370362038037 0.0070265583913965979 0 0.0078627172655736412 -0.0050226020207904155 0.0037648982799700689 -0.0007667524182187488 0.0044944223321728705 -0.00030004990315985738 0.0068337653800476308 0.0008057029415613863 0 -0.0022549474265569514 -0.0016089597914032837 1.5037860937936363e-05 -0.00078133711902623115 0.0025445613457557204 0.00023036999808787145 0 0.0075302597847628858 0.0025438062498519326 -0.00079968329004063412 0.0019154903559322409 0 -0.00029086192219434037 0.00047472370613508056 -0.0020640674006406428 -0.0031852182119138659 0.0034728433298810558 0.0015059837122970723 0.00061110680549083943 0.002513325562955992 0.0037858529549890333 0.0020952358406942117 -0.0018857129136990976 -0.0007021766716244648 -0.0015388813808007318 -0.00031169249651477517 -4.146017856293397e-05 0 0.0034830477754326746 -0.0020355994606838577 -0.0031186945646007511 -0.0036435670745452401 0.00045884985222521601 0 0.0058202712276567503 0.00016384978097122054 0.00042541073388933925 -0.0034855396107318381 0.00022233644369114565 0.0024879130092549848 -0.0025073989670052008 0.004316456429274757 -0.00066811706447535103 0.0011757468963839095 0.00045770040303687423 0.0023139469197131167 6.9891534494923133e-05 3.2345608496170812e-05
leaf_weight=74 299 71 97 72 220 52 84 52 54 100 179 50 140 50 163 94 64 260 100 51 120 50 169 199 69 53 1233 269 143 94 51 155 111 232 87 181 228 1301 360 5870 805 111 112 118 89 65 495 84 53 51 119 322 74 72 223 58 458 195 2569 213 4357 283
leaf_count=74 299 71 97 72 220 52 84 52 54 100 179 50 140 50 163 94 64 260 100 51 120 50 169 199 69 53 1233 269 143 94 51 155 111 232 87 181 228 1301 360 5870 805 111 112 118 89 65 495 84 53 51 119 322 74 72 223 58 458 195 2569 213 4357 283
internal_value=1.37715e-05 -2.3713e-05 0.00315573 4.44435e-05 0.000976197 -2.19412e-06 -0.00160117 5.50043e-05 0.000485623 0.0022067 0.00122925 0.000290462 0.00253704 0.00344716 0.00043854 0.00108231 0.00437759 -0.00188358 -0.00154161 0.000133667 0.00158059 0.00253679 0.00381072 0.000153671 0.00471768 -0.00215046 0.000376039 0.000199096 -0.000802223 -0.000455303 -0.000195839 -0.000401355 -0.00100381 0.00180649 0.000712571 -4.52096e-05 0.00011709 -7.63053e-05 -0.000251376 -0.000180983 0.000506128 0.00031523 0.0017119 -0.000227821 -0.000764303 -0.0017321 0.00117655 0.00213734 0.00286506 0.00320216 0.00197142 -0.00303084 -0.000875994 0 -0.001744 0.00227333 -0.000467881 -7.87653e-05 0.000574931 7.90839e-05 0.000180195 -0.000775592
internal_weight=24227 23934 293 22928 1118 21810 1006 20326 3884 382 330 3502 190 191 927 653 219 935 851 216 559 339 219 3312 141 635 2744 2458 1484 1185 1091 1040 274 286 1225 16442 9132 6382 7310 6950 1080 1028 223 387 885 116 838 343 259 151 206 375 568 271 297 122 796 653 2750 5081 4570 511
internal_count=24227 23934 293 22928 1118 21810 1006 20326 3884 382 330 3502 190 191 927 653 219 935 851 216 559 339 219 3312 141 635 2744 2458 1484 1185 1091 1040 274 286 1225 16442 9132 6382 7310 6950 1080 1028 223 387 885 116 838 343 259 151 206 375 568 271 297 122 796 653 2750 5081 4570 511
is_linear=0
shrinkage=0.05


Tree=15
num_leaves=63
num_cat=0
split_feature=38 26 29 3 36 34 29 38 9 29 9 15 35 20 35 17 36 12 10 2 40 29 26 18 12 21 29 26 40 27 14 25 2 26 16 26 22 15 25 25 22 42 35 16 33 27 12 21 38 25 26 31 41 29 21 36 2 38 40 39 22 25
split_gain=0.894087 0.822313 0.620539 0.843132 0.388479 0.323556 0.345518 0.312686 0.283488 0.232976 0.251685 0.285274 0.233406 0.251047 0.317968 0.270683 0.393144 0.226948 0.28589 0.219824 0.214474 0.268371 0.20532 0.200962 0.233212 0.19672 0.241508 0.48369 0.185415 0.181775 0.160795 0.177984 0.169933 0.159661 0.153418 0.151324 0.229954 0.223937 0.158089 0.150672 0.147582 0.166343 0.14567 0.145626 0.145361 0.193842 0.144804 0.144483 0.143196 0.363968 0.286846 0.139698 0.133919 0.133265 0.131017 0.126317 0.206278 0.14437 0.124152 0.124005 0.271836 0.329039
threshold=-0.10254577174782752 -0.33423714339733118 0.67694902420043956 -0.22154650837182996 0.88796809315681469 0.42085823416709905 -0.26346702873706812 0.09589553996920587 0.040659485384821899 4.2070143222808847 0.050475338473916061 0.031880892813205726 0.92425146698951732 -0.018279149197041985 0.88627696037292492 0.0019837334984913473 0.73780983686447155 0.010081280022859575 0.063816633075475707 -0.041443619877099984 65.348705291748061 3.3767715692520146 -0.14921050518751142 -0.030345129780471321 0.05570551939308644 0.10516422614455224 -0.35271070897579188 -0.0098939975723624212 87.053001403808608 -0.054474527016282075 0.39398463070392614 0.32370257377624517 -0.080334011465311037 -0.1820370405912399 -1.0000000180025095e-35 -0.22278452664613721 -0.043036540970206254 0.048912104219198234 0.54007270932197582 0.43259637057781225 -0.15695997327566144 0.57500001788139354 0.5066451132297517 0.0048597364220768222 1.60167533159256 -0.096848294138908372 0.026053904555737976 0.13429939746856692 -0.011812306009232996 0.080876164138317122 -0.07689275965094565 -0.27242122590541834 0.35000000894069677 0.45450992882251745 0.023365726694464687 -0.35753548145294184 -0.076346367597579942 -0.08116575330495833 49.971164703369148 -0.0008905384165700524 -0.025214159861207005 0.093901764601469054
decision_type=2 2 2 2 2 2 2 2 2 2 2 2 2 2 2 2 2 2 2 2 2 2 2 2 2 2 2 2 2 2 2 2 2 2 2 2 2 2 2 2 2 2 2 2 2 2 2 2 2 2 2 2 2 2 2 2 2 2 2 2 2 2
left_child=2 5 3 29 9 7 -7 52 43 10 12 -12 13 14 19 16 -16 -13 -19 55 33 44 -14 -21 35 48 27 47 -8 -1 31 42 -33 -6 -20 40 37 38 -37 -38 41 54 58 -5 45 -22 -42 -27 49 50 -15 -50 -2 -51 -25 56 -3 -57 -28 60 61 -53
right_child=1 4 -4 8 20 6 28 -9 -10 -11 11 17 22 25 15 -17 -18 18 34 23 21 -23 -24 24 -26 26 30 -29 -30 -31 -32 32 -34 -35 -36 36 39 -39 -40 -41 46 -43 -44 -45 -46 -47 -48 -49 51 53 -52 59 -54 -55 -56 57 -58 -59 -60 -61 -62 -63
leaf_value=0.009131352542523518 0.00039742868473552465 0.0033041868960237693 -0.0021988161985823157 -0.0011064407162134247 -0.0008578824058402539 0 -0.0025613616124585464 0.0011257447884616366 0.0043238489410130808 -0.0030369770043991566 -0.0021641699564272326 0.0036637201385184117 -0.0024144957880684065 0 0.0060124691938621281 0.00040957995631239996 0.0005991419365545367 -0.00047677265775935077 0.0029025637962180992 -0.0013708428434964298 0.0019103119795185249 -0.00041999790146946903 0 0.0038105834854840711 0.0026786964309567507 0.0015795712909908678 0.00035949558923663251 0.0050436553079634908 5.4253993853758857e-05 0.0039549214552765284 -0.0012288977747469316 6.8159612753477538e-05 -0.0020218411890484834 0.0010867267442110559 0 0.00038482685007125363 -0.00019369036186766718 -0.0004569601605728879 0.0028538127741340896 -0.00216094211738726 -0.00099569322124442184 -0.00094121432263129115 0.0013673336824689256 0.0019135122991132516 0.00062542693177871668 0.0059194261523171131 0.00032120454195228574 -0.00083726278694582369 -0.00068680594092480115 -0.00078913118318691289 0.0047927231369017864 0.005628423189795069 -0.0017418958958075768 0.0016561277893067589 9.7463695806738465e-05 -0.00099560632289027789 0.00010062385910967343 0.00050484119607367825 -0.002087080302890698 -0.00017217549152114626 -2.5974034846582196e-05 0.0008739113029864261
leaf_weight=56 76 105 57 95 151 218 641 238 54 63 56 99 191 53 69 273 88 190 159 268 98 62 182 53 81 119 362 74 55 63 234 237 143 296 61 4174 2845 826 69 104 948 74 371 67 73 73 234 116 869 2713 53 50 273 50 70 164 129 1971 60 1937 538 206
leaf_count=56 76 105 57 95 151 218 641 238 54 63 56 99 191 53 69 273 88 190 159 268 98 62 182 53 81 119 362 74 55 63 234 237 143 296 61 4174 2845 826 69 104 948 74 371 67 73 73 234 116 869 2713 53 50 273 50 70 164 129 1971 60 1937 538 206
internal_value=-9.68674e-06 -4.94429e-05 0.00235611 0.00320777 2.51237e-05 -0.00118269 -0.00177506 -0.000217047 0.00119698 -1.24388e-05 -2.42128e-06 0.00103728 -3.14661e-05 -7.93177e-06 0.00013136 0.00147018 0.00314851 0.00144034 0.00083877 8.17188e-05 0.00114162 0.00217932 -0.00127072 -2.08357e-05 1.47698e-05 -0.000224471 0.000242855 0.00150879 -0.00231888 0.00662811 -1.78398e-05 0.000202869 -0.000654261 0.000373733 0.0020868 -5.67362e-06 7.48466e-05 0.000281511 0.000431201 -0.000271898 -0.000491827 0.000711985 0.000645259 0 0.00294156 0.00377985 -0.00071382 0.000281179 -0.000352309 -0.000618299 0.00219216 -0.000133331 -0.00120459 -0.000735543 0.0019088 0.000514091 0.00164871 0.000377671 0 3.37254e-05 0.000567289 0.00190915
internal_weight=24377 23985 392 335 22484 1501 914 587 216 21731 21668 565 21103 20730 12545 430 157 509 410 12115 753 306 373 9746 9478 8185 1716 309 696 119 1407 1173 380 447 220 9397 8018 5069 4243 2949 1379 197 793 162 244 171 1182 235 6469 2869 106 3600 349 2763 123 2369 234 2135 422 2731 794 256
internal_count=24377 23985 392 335 22484 1501 914 587 216 21731 21668 565 21103 20730 12545 430 157 509 410 12115 753 306 373 9746 9478 8185 1716 309 696 119 1407 1173 380 447 220 9397 8018 5069 4243 2949 1379 197 793 162 244 171 1182 235 6469 2869 106 3600 349 2763 123 2369 234 2135 422 2731 794 256
is_linear=0
shrinkage=0.05


Tree=16
num_leaves=63
num_cat=0
split_feature=3 4 26 26 26 44 29 37 30 33 34 36 4 43 4 40 4 33 38 30 22 30 36 36 43 7 19 35 29 26 43 7 26 7 28 39 34 19 43 36 13 8 21 37 11 30 43 36 8 0 6 23 35 23 26 43 22 8 6 33 43 16
split_gain=0.949268 0.696768 0.631523 0.593336 0.340306 0.536214 0.376727 0.37239 0.558135 0.299059 0.296708 0.277678 0.265439 0.224174 0.346199 0.315664 0.398565 0.300271 0.266425 0.248724 0.246104 0.226832 0.230002 0.347802 0.287924 0.215361 0.219612 0.214073 0.196365 0.193564 0.185133 0.182987 0.285188 0.180812 0.173164 0.201385 0.172799 0.17069 0.389119 0.226691 0.169555 0.234675 0.236743 0.186775 0.163821 0.203872 0.2829 0.209406 0.208123 0.190995 0.183182 0.206307 0.190136 0.27845 0.263178 0.260449 0.191735 0.227712 0.188116 0.258402 0.164511 0.163391
threshold=-0.19391398131847379 -0.16362711787223813 -0.076003827154636369 -0.58534491062164296 -0.30896617472171778 0.015955776907503608 1.3242091536521914 0.044063128530979163 1.3950854539871218 0.14516497403383258 0.40695650875568395 0.72214013338089 0.72096338868141185 0.26378247141838079 0.2735500186681748 60.014640808105476 -0.081064973026514039 0.58866035938262951 -0.063580486923456178 0.38628971576690679 -0.14280018210411069 0.96975186467170726 -0.084154807031154619 0.69955524802207958 0.30832995474338537 0.06239562667906285 0.0050774312112480411 0.67057338356971752 0.81131285429000866 -0.39635886251926417 0.20473684370517733 0.01790356915444136 -0.4522478580474853 -0.064513176679611192 0.56519591808319103 0.008861088193953039 0.91931521892547619 0.13580820709466937 0.24382769316434863 0.85074520111083995 -0.053884346038103097 0.12210752069950105 0.025008018128573898 0.016627976670861248 0.042264277115464217 -0.56295803189277638 0.11638844385743143 -0.15534123778343198 -0.058520281687378876 -0.024571604095399376 -0.033394301310181611 0.081945944577455535 0.51593813300132763 0.068111311644315733 -0.14632862061262128 0.141232505440712 -0.084002301096916185 -0.079234730452299104 0.01982188876718283 0.15219674259424212 0.15956141054630282 0.029601786285638813
decision_type=2 2 2 2 2 2 2 2 2 2 2 2 2 2 2 2 2 2 2 2 2 2 2 2 2 2 2 2 2 2 2 2 2 2 2 2 2 2 2 2 2 2 2 2 2 2 2 2 2 2 2 2 2 2 2 2 2 2 2 2 2 2
left_child=1 2 -1 -2 5 31 9 13 11 12 -8 -9 -7 14 18 20 -17 27 30 25 61 22 24 -24 -22 44 36 -18 -23 -11 -6 -5 -33 -25 -28 -36 -27 38 39 -13 -21 43 -43 -42 45 46 -20 -47 -48 -46 51 -49 53 -52 -54 58 -57 -58 -56 -60 -53 -15
right_child=3 -3 -4 4 7 6 10 8 -10 29 -12 37 -14 15 -16 16 17 -19 19 40 21 28 23 33 -26 26 34 -29 -30 -31 -32 32 -34 -35 35 -37 -38 -39 -40 -41 41 42 -44 -45 49 47 48 50 -50 -51 52 60 54 -55 55 56 57 -59 59 -61 -62 -63
leaf_value=0.0091341454140136686 -0.0040080796777536834 0.00011977680277187324 0.0025509626500298268 -0.00037650157368670535 0.0029852872478959439 -3.3407022836664926e-05 0.0055620177839201222 0.0003531636159726875 -0.0014017003099413363 -0.0034729890369191146 0.00074300722492064543 0.0020269363939130146 0.004138364977829735 0.00038148988554384679 -0.0014184598676291165 0.0055156498579535546 0.00010736320013874921 -0.0020888832761679125 -4.8086266571378991e-05 -0.0021362982752155947 -0.00035603140409954867 0.0012683893219702042 -0.0017444383200458824 -0.00073061382531055391 0.0040037593344508229 0.0041903265606555527 -0.00034985450519921918 0.0029546466530374592 -0.00088403812398288751 0 0.00049017111580959495 -0.0046373085829339205 -0.0012880771802279358 0.001430808918204554 -0.00048462769561062076 0.0025809338439429564 8.3316133437008018e-06 0.0059713394657456287 0 0.0069320139990679194 -0.00029243501248355235 0.0035080341106098326 0 -0.0013491990249672079 0.00070888441579126113 -0.00062891172726739746 0.00034079926461861671 0.0037092440933626787 0.0026843079930803549 -0.00070042023128003656 0.0005445806487646836 0 -0.0010443002863350134 -0.00017689561463631902 -0.0005330967966108857 -0.0010025349513596395 -0.00061781351061330906 0.0017657251292428769 0.0021249432462754313 -0.00010257238885984539 0.0012847077937902145 0.0043898608398820283
leaf_weight=51 94 241 204 549 111 99 61 171 140 83 98 87 52 78 464 61 147 59 462 151 80 451 463 192 59 82 288 157 124 57 334 77 815 182 66 143 53 53 96 50 2230 71 165 549 269 1237 202 55 240 1498 2687 653 864 2591 1970 104 112 433 168 495 397 54
leaf_count=51 94 241 204 549 111 99 61 171 140 83 98 87 52 78 464 61 147 59 462 151 80 451 463 192 59 82 288 157 124 57 334 77 815 182 66 143 53 53 96 50 2230 71 165 549 269 1237 202 55 240 1498 2687 653 864 2591 1970 104 112 433 168 495 397 54
internal_value=-5.57382e-06 0.00215711 0.00398075 -5.16758e-05 -3.48723e-05 -0.000678642 0.000794793 1.97176e-05 0.00125125 -0.000196213 0.00276019 0.00211926 0.00124713 -1.37318e-05 -6.87531e-05 0.000474221 0.00169874 0.000981855 -3.38518e-05 -6.46646e-05 0.000150463 -1.02414e-05 -0.00049002 -0.000821573 0.00132303 1.83893e-05 0.000922294 0.00166237 0.000760408 -0.0019298 0.00117132 -0.00115623 -0.00160764 0.000254952 0.000376288 0.00149468 0.0027391 0.00308549 0.00231061 0.00401763 -0.000467806 -0.000375612 0.0011036 -0.000510402 -1.94793e-05 4.16165e-05 0.000765448 -1.19021e-05 0.00167139 -0.00047159 5.82395e-05 0.000667536 -1.05818e-05 0.000185684 -0.000266457 -5.39424e-05 0.000833215 0.00122995 -0.000282225 0.000425363 0.00048272 0.00222033
internal_weight=24329 496 255 23833 23739 1891 450 21848 597 291 159 457 151 21251 19144 2107 424 363 18680 18235 1683 1551 976 837 139 15069 632 304 575 140 445 1441 892 374 497 209 135 286 233 137 3166 3015 236 2779 14437 12670 904 11766 442 1767 10529 1105 9424 5278 4146 3282 649 545 2633 663 1050 132
internal_count=24329 496 255 23833 23739 1891 450 21848 597 291 159 457 151 21251 19144 2107 424 363 18680 18235 1683 1551 976 837 139 15069 632 304 575 140 445 1441 892 374 497 209 135 286 233 137 3166 3015 236 2779 14437 12670 904 11766 442 1767 10529 1105 9424 5278 4146 3282 649 545 2633 663 1050 132
is_linear=0
shrinkage=0.05


Tree=17
num_leaves=63
num_cat=0
split_feature=3 26 2 41 4 43 3 31 25 24 4 30 36 30 4 28 39 14 39 30 26 20 39 36 16 15 23 30 19 13 27 30 11 25 19 11 4 14 25 16 30 15 25 43 37 37 24 30 30 36 4 30 40 13 19 10 12 30 14 3 41 41
split_gain=0.920746 0.725669 0.534025 0.562954 0.693225 0.641827 0.440793 0.400664 0.355667 0.355038 0.578997 0.412347 0.401385 0.456582 0.333141 0.295675 0.291367 0.290531 0.276624 0.235445 0.216583 0.368664 0.271415 0.271435 0.264828 0.281148 0.269555 0.216367 0.259103 0.205922 0.204098 0.201805 0.193354 0.332376 0.23645 0.191044 0.205775 0.190998 0.235718 0.817487 0.186219 0.185036 0.184012 0.180967 0.189677 0.193708 0.175056 0.16592 0.216993 0.163479 0.169087 0.163286 0.240009 0.188771 0.159198 0.257384 0.181818 0.317506 0.169209 0.158316 0.178614 0.170977
threshold=-0.19391398131847379 -0.33423714339733118 -0.064480286091566072 0.15000000223517421 -0.20610719174146649 0.36626735329627996 0.35558056831359869 0.1340584605932236 0.084254171699285521 -0.10631237924098967 -0.15843540430068967 -0.285226359963417 0.87288585305213939 0.32645069062709814 0.72096338868141185 2.1626304388046269 -0.028360253199934956 0.99691358208656322 0.08849289640784265 0.49019183218479162 -0.08040852844715117 -0.021675588563084599 -0.031954132020473473 0.17452312260866168 -0.01038156822323799 0.046805424615740783 0.055568750947713859 5.1503376960754403 0.12475812435150148 -0.030295970849692818 0.34129551053047186 -0.59795659780502308 0.017859621904790405 0.30656263232231146 0.034143656492233283 0.082961097359657301 -0.034391028806567185 0.15424266457557681 0.066008917987346663 0.0041692741215229043 -0.19118934869766233 0.085055831819772734 0.080876164138317122 0.15184783190488818 0.018630446866154674 0.064639624208211913 -0.039753530174493783 0.093804005533456816 -0.25655037164688105 0.25693850219249731 -0.23993895202875135 0.23295057564973834 59.20526313781739 -0.026242893189191815 0.011430492624640467 0.012536751572042705 0.0023068081354722385 0.16724465787410739 0.89558729529380809 -0.095125809311866746 0.35000000894069677 0.35000000894069677
decision_type=2 2 2 2 2 2 2 2 2 2 2 2 2 2 2 2 2 2 2 2 2 2 2 2 2 2 2 2 2 2 2 2 2 2 2 2 2 2 2 2 2 2 2 2 2 2 2 2 2 2 2 2 2 2 2 2 2 2 2 2 2 2
left_child=2 6 3 -1 5 -5 14 8 18 10 11 -3 17 -14 16 29 -2 27 -8 30 31 22 35 -24 25 42 40 28 43 -15 -19 -11 -25 34 46 36 59 38 39 -33 -26 -9 -23 -12 51 -46 47 48 -34 50 -13 52 -45 -54 55 -39 57 -57 -58 61 -61 -22
right_child=1 9 -4 4 -6 -7 7 41 -10 20 12 49 13 15 -16 -17 -18 19 -20 -21 21 24 23 32 26 -27 -28 -29 -30 -31 -32 37 33 -35 -36 -37 -38 54 -40 -41 -42 -43 -44 44 45 -47 -48 -49 -50 -51 -52 -53 53 -55 -56 56 58 -59 -60 60 -62 -63
leaf_value=-0.0012831801758357534 0.0015633680696853184 0.0065400388388938847 -0.00066191782273787581 0.0019463214254938068 0.001373485956000575 0.0089172806421299634 0.0064678940162440704 0.00025056420295144682 -0.0001154865780562428 0.00080355065189898303 0.00076390932957712439 0.0044054690757465943 0.0047996591623050535 0 -0.0033987104073126117 -0.0016973727833080505 -0.0014350066324609462 0.0050003518792290759 0.0010706889963355557 0 0.00250284574418385 0.0021886675392010484 -0.0003669447319282679 -7.6976394315210993e-05 -0.00038084982552596654 0.0020354293028340483 -0.00066419760796850795 -0.0031220182496230161 0.0019043075036502015 0.0022230171926943911 0.0010587147000341943 -0.00019658372780950481 0.0006681321190334246 -0.00042242454890765362 0.0024896697316784577 -0.00069080164096663773 -0.00033615881090807406 -0.0010556988550246985 -2.2828253668175311e-05 0.0067824527070037711 0.00096242421073952427 -0.0030480965259903799 -8.0022531086217817e-06 -0.0016722736966545066 -0.00084628911480302349 0.0019207791456994337 -5.7495598245979005e-05 0 0.0037278385440631789 3.0780178130696473e-05 0.0010709497400225615 0.00054230306982828817 -0.0012984217909367581 0.0010983404409960135 -0.0005443850516252337 0.00054290037647210948 0.00048307435621118599 0.0054228055426887804 -0.0020410429215958754 0.00080495113139285855 0.0046240234542678036 0.00010999178490860903
leaf_weight=55 82 52 115 67 165 96 50 54 124 420 502 77 90 146 221 87 796 68 72 124 165 99 1011 599 486 211 2668 56 169 271 106 126 152 305 351 79 84 327 1183 58 513 94 1803 260 1266 61 287 123 127 141 132 917 116 250 5141 143 524 50 74 66 116 179
leaf_count=55 82 52 115 67 165 96 50 54 124 420 502 77 90 146 221 87 796 68 72 124 165 99 1011 599 486 211 2668 56 169 271 106 126 152 305 351 79 84 327 1183 58 513 94 1803 260 1266 61 287 123 127 141 132 917 116 250 5141 143 524 50 74 66 116 179
internal_value=2.22762e-05 -2.11305e-05 0.00214952 0.00305864 0.00386364 0.00621954 -0.00108894 0.000292741 0.00158165 4.90699e-05 0.000426177 0.00225101 0.000256958 0.00146915 -0.00160693 0.000820696 -0.00112579 6.55117e-05 0.00350411 0.00156731 -5.50853e-05 0.000105732 0.000501065 0.000281936 -0.000139202 0.000299898 -0.000399043 -5.21592e-05 0 0.00140733 0.0027523 -0.000246547 0.000632259 0.000966611 0.00139801 0.00140372 0.00171628 -0.000307708 0.000215641 0.00188025 0.000284063 -0.00167939 9.374e-05 -9.90449e-05 -0.000258803 -0.000699584 0.000804216 0.00148084 0.00215452 0.00153404 0.00242637 0.000104181 -0.00049762 0.000269763 -0.000426012 9.596e-05 0.000604008 0.00194707 0.00012751 0.00209153 0.00338207 0.00133226
internal_weight=24352 23854 498 383 328 163 1493 394 246 22361 4891 402 4489 594 1099 504 878 3895 122 298 17470 9424 3644 2955 5780 2113 3667 3597 3541 417 174 8046 1944 1345 1040 689 610 7626 1367 184 999 148 1902 3372 2870 1327 689 402 279 350 209 1543 626 366 6259 1118 791 193 598 526 182 344
internal_count=24352 23854 498 383 328 163 1493 394 246 22361 4891 402 4489 594 1099 504 878 3895 122 298 17470 9424 3644 2955 5780 2113 3667 3597 3541 417 174 8046 1944 1345 1040 689 610 7626 1367 184 999 148 1902 3372 2870 1327 689 402 279 350 209 1543 626 366 6259 1118 791 193 598 526 182 344
is_linear=0
shrinkage=0.05


Tree=18
num_leaves=63
num_cat=0
split_feature=7 26 29 4 40 21 10 22 4 0 3 29 40 14 11 38 4 36 42 26 11 36 36 4 15 15 22 43 25 3 43 4 2 33 26 25 23 25 15 27 20 10 6 21 29 10 21 40 2 36 25 41 36 23 34 16 7 26 39 43 10 34
split_gain=0.826794 0.703403 0.361343 0.348513 0.344208 0.281279 0.339212 0.428344 0.410022 0.279741 0.2708 0.239638 0.227934 0.226478 0.215265 0.213938 0.26022 0.202786 0.187822 0.178685 0.453945 0.194698 0.177544 0.171676 0.169525 0.197779 0.241958 0.241154 1.25001 1.16434 0.329363 0.201044 0.56671 0.301088 0.402642 0.240159 0.17198 0.165656 0.161624 0.155821 0.368396 0.154503 0.306519 0.147192 0.140744 0.16256 0.135502 0.179336 0.174109 0.175396 0.151706 0.170062 0.152255 0.246009 0.144375 0.135416 0.232675 0.130677 0.125084 0.341194 0.155429 0.130749
threshold=-0.12801525741815564 -0.30896617472171778 0.54259765148162853 -0.051972437649965279 80.497833251953139 0.33126688003540045 0.057794710621237762 -0.056656444445252412 0.25177054107189184 -0.023558123968541619 -0.22154650837182996 1.3242091536521914 75.586772918701186 0.61138078570365917 0.066992845386266722 -0.037573290988802903 0.44329611957073217 -0.1818902790546417 0.62500000000000011 -0.4522478580474853 0.094365589320659651 0.53706872463226329 0.76309680938720714 0.04730652458965779 0.10248322039842607 0.024969130754470829 -0.027104144915938374 0.087925896048545851 0.084254171699285521 -0.019849222153425213 0.079814605414867415 -0.12780660390853879 0.1169731803238392 -0.48437283933162684 -0.0458250343799591 0.52302423119544994 0.012836991809308531 0.26221650838851934 0.054807467386126525 0.22767671942710879 -0.071276560425758348 0.052556993439793594 0.13484308123588565 0.035153163596987731 -0.37295876443386072 0.026746174320578579 0.076581504195928587 75.586772918701186 0.066974963992834105 0.79580780863761913 0.24248211085796359 0.55000001192092907 -0.16831128299236295 0.086509063839912428 0.92544999718666088 -0.021249627694487568 -0.034720826894044869 -0.1789240017533302 -0.038515511900186532 0.26378247141838079 0.023369996808469299 0.46016977727413183
decision_type=2 2 2 2 2 2 2 2 2 2 2 2 2 2 2 2 2 2 2 2 2 2 2 2 2 2 2 2 2 2 2 2 2 2 2 2 2 2 2 2 2 2 2 2 2 2 2 2 2 2 2 2 2 2 2 2 2 2 2 2 2 2
left_child=2 4 3 10 15 6 8 9 24 -8 -1 -6 13 22 -15 16 -2 -17 -10 20 -19 -22 -11 -21 25 26 58 28 29 -27 -31 32 33 34 -29 44 39 -9 -12 40 -33 -25 -43 -14 45 -35 47 48 49 50 52 -52 53 -38 -48 56 -28 -50 -3 61 -61 -60
right_child=1 5 -4 -5 11 -7 7 37 18 12 38 -13 43 14 -16 17 -18 19 -20 23 21 -23 -24 41 -26 27 55 31 -30 30 -32 36 -34 35 -36 -37 46 -39 -40 -41 -42 42 -44 -45 -46 -47 54 -49 57 -51 51 -53 -54 -55 -56 -57 -58 -59 59 60 -62 -63
leaf_value=0.0067467581771418266 0.0029121423029879992 -0.0010251819342374801 -0.00062417383843029926 0.0004241098245131253 -0.00050104143541571306 -0.0035759552290541268 0 -0.0026037552678708441 -0.0013291704497378216 0.0022042667660527602 0.00042269727895237344 0.0026091383879075173 0.0020536562364951178 -0.00016241468726339178 0.0028919535986355605 0.0010762806917221225 -0.00090860439633696263 -0.0046716956239911097 0.0013134977960771368 -0.0032898917297582569 0.0019228386665904194 -0.0024138688150503974 0.0062020551326770401 -0.0014492457663535109 -0.0018184914213345118 0.010722903683228363 0.001532070216687982 0 -0.00050047675577881304 0.00029169829006242011 0.0043642026280938705 0.0041695151188491193 0.0057756024304307201 0.00050194632108381239 0.0056990359201875892 -0.0010045515994327437 -0.00012447596656986411 2.9499157503409007e-05 0.0045280286185113731 0.0001805371701137905 -0.00042767984252423054 0.00035283856443172343 -0.0035710850578692301 -0.0015830685485210966 0.00033677192951075285 0.003939653531640999 0.00032532554965094022 0.00093959137972167309 -0.0016691221350983842 0.0008269973271653122 -0.0014888661135818101 0.00098838352842639532 0 -0.0039822667204825564 -0.001320226525121482 -0.00043084272145799542 -0.00076568970829997483 -0.0002865417324776776 0.00044156662932242355 0.00041555172779901643 0.0049090045019551561 -0.00012469896241964397
leaf_weight=80 66 202 71 104 126 53 184 78 752 83 69 105 55 80 125 68 124 141 64 104 50 51 83 757 119 50 242 51 446 136 94 98 51 120 61 301 157 178 56 290 62 339 57 53 1704 64 2632 308 371 406 419 70 2387 64 135 4468 186 415 1971 50 56 2011
leaf_count=80 66 202 71 104 126 53 184 78 752 83 69 105 55 80 125 68 124 141 64 104 50 51 83 757 119 50 242 51 446 136 94 98 51 120 61 301 157 178 56 290 62 339 57 53 1704 64 2632 308 371 406 419 70 2387 64 135 4468 186 415 1971 50 56 2011
internal_value=-3.76898e-06 -4.1496e-05 0.00230753 0.00306186 -0.000942549 3.88644e-05 4.8821e-05 0.000989022 6.48926e-06 0.00167074 0.00427409 0.000807267 0.00230673 0.0028985 0.00158086 -0.00118699 0.000291529 -0.00138225 -0.00109061 -0.00151077 -0.00283817 -2.17822e-05 0.00436593 -0.00123431 5.20778e-05 6.44546e-05 -0.000104614 0.000209335 0.00109467 0.003721 0.00207043 0.0001436 0.00054923 0.000421299 0.00296776 0.000278944 1.82793e-05 -0.000678866 0.0024718 0.000968731 0.00223656 -0.00102588 -0.000152708 3.94816e-05 0.000497019 0.00184061 -3.64682e-05 -0.000205785 -0.000293965 -0.000134673 -0.000268927 -0.00108253 -0.000106614 -0.001361 0.000235783 -0.000346471 0.00047544 -0.000971566 0.000165589 0.000230662 0.00303609 0.000149332
internal_weight=24353 23973 380 309 1988 21985 21932 919 21013 663 205 231 479 371 205 1757 190 1567 816 1499 242 101 166 1257 20197 20078 9186 10892 726 280 230 10166 2352 2301 112 2189 7814 256 125 450 160 1153 396 108 1888 184 7364 4597 4289 3503 3097 489 2608 221 2767 4896 428 786 4290 4088 106 3982
internal_count=24353 23973 380 309 1988 21985 21932 919 21013 663 205 231 479 371 205 1757 190 1567 816 1499 242 101 166 1257 20197 20078 9186 10892 726 280 230 10166 2352 2301 112 2189 7814 256 125 450 160 1153 396 108 1888 184 7364 4597 4289 3503 3097 489 2608 221 2767 4896 428 786 4290 4088 106 3982
is_linear=0
shrinkage=0.05


Tree=19
num_leaves=63
num_cat=0
split_feature=8 40 26 8 34 10 3 22 8 42 10 34 24 26 30 8 23 29 30 42 30 30 28 28 36 26 32 30 37 24 30 2 8 36 43 27 25 1 21 40 30 8 41 43 42 26 21 8 38 25 8 8 10 36 17 23 39 42 43 10 36 25
split_gain=0.567815 0.771739 0.499052 0.469579 0.341058 0.339903 0.309911 0.364329 0.502498 0.322942 0.298581 0.291505 0.259059 0.254579 0.231992 0.304942 0.216441 0.205623 0.199553 0.201761 0.165642 0.153083 0.155938 0.156839 0.151236 0.153505 0.148742 0.222696 0.19644 0.294283 0.282062 0.193622 0.477549 0.192765 0.182986 0.179906 0.21148 0.734321 0.245055 0.245476 0.660955 0.181467 0.210835 0.263807 0.284643 0.30077 0.148607 0.150709 0.238474 0.206893 0.190231 0.160153 0.14209 0.167836 0.141859 0.140588 0.134025 0.13381 0.184846 0.15677 0.151158 0.131202
threshold=-0.23147377371788022 20.905278205871586 -0.33423714339733118 0.26749835908412939 0.42085823416709905 0.062591869384050383 -0.154166504740715 -0.090416662395000444 0.13591092824935916 0.42499999701976782 0.054963476955890662 -0.042317215353250497 -0.037350844591855996 -0.27863441407680506 2.7573246955871586 0.32288451492786413 0.007157769752666355 -0.26665928959846491 -0.71078795194625843 0.27500000596046453 -0.32957319915294642 0.96975186467170726 0.85261660814285289 0.18949314206838611 0.14812321960926059 -0.48231132328510279 -0.15578172355890271 0.3978544175624848 0.021487961523234848 -0.15114409476518628 0.63584309816360485 0.090255293995141997 -0.03451187722384929 0.84448304772377025 0.20743683725595477 0.30127488076686865 0.083173975348472609 -0.024597496725618836 0.029199448414146904 57.436956405639656 0.14572148025035861 0.086938556283712401 0.55000001192092907 0.12026212736964227 0.52500000596046459 -0.13821130990982053 0.10883655026555063 0.0076861171983182439 0.02702721115201712 0.41006910800933843 -0.043713316321372979 -0.13213634490966794 0.027923554182052616 0.26190799474716192 1.0000000180025095e-35 0.053063631057739265 0.0080189779400825518 0.37500000000000006 0.1785857975482941 0.043455293402075774 0.072649333626031889 0.20314641296863559
decision_type=2 2 2 2 2 2 2 2 2 2 2 2 2 2 2 2 2 2 2 2 2 2 2 2 2 2 2 2 2 2 2 2 2 2 2 2 2 2 2 2 2 2 2 2 2 2 2 2 2 2 2 2 2 2 2 2 2 2 2 2 2 2
left_child=1 -1 4 5 10 13 12 8 -8 -9 52 -3 -7 20 15 -12 54 -6 -18 -20 -4 24 23 -23 -19 -26 46 31 29 30 -29 35 -33 34 -34 36 37 -28 -39 40 -40 42 57 -44 -45 -46 47 48 49 51 -50 -21 -2 -54 -15 -31 -27 58 -38 -59 -60 -48
right_child=2 11 3 -5 17 6 7 9 -10 -11 14 -13 -14 16 -16 -17 18 21 19 26 -22 22 -24 -25 25 56 27 28 -30 55 -32 32 33 -35 -36 -37 41 38 39 -41 -42 -43 43 44 45 -47 61 -49 50 -51 -52 -53 53 -55 -56 -57 -58 59 60 -61 -62 -63
leaf_value=-0.00078635361003460925 0.00044886632853917576 0.0083415340862813461 -0.002064083170728097 0.0038536185687236442 -6.3526826231461613e-05 0.0054656833963020257 0.0028616353723433055 -0.0026676144150497884 -0.00031297203858005561 0.00046953381124950589 7.4444763667635917e-05 0.0024544756771552618 0.00093056166750032834 0.0028964951889748937 -0.00086172339956051315 0.004322805816935186 0.0023292724257083361 0 -0.00064913862506279152 0.0026372792047593711 -0.00038818698895794917 -0.00090362982077220842 -0.0027123087461387637 0.0022863371160957349 -0.0055061375564503037 0 0.0060778213057107889 0.0048191796477489715 -0.0011763551704901589 -0.0011083385379950185 0.00041959909686184699 0.0057760447962209582 0.0009765409950029968 0.0029538435542693477 -0.0014026425954195773 -0.0001096733682043528 0.0001395220180672596 0 0.0010659055098196236 0 0.0077232779269287531 -0.0024141126018017533 -2.5309863363353758e-05 0.00062092810790494819 0.00029127371604260492 0.0057116055710381176 0.00081089180701855918 -0.00054119882558621441 0.0036146373207006479 -0.0014599724674817301 0.00046218606258169228 -8.6289335700548767e-05 0.0001733860578069575 -0.002632742194865716 0.00059199720319419067 4.6917703373913602e-05 -0.0027657267889338371 0 0.0028948833564925499 -0.0017904129500001678 0.00062881332704632523 -5.8187473229982846e-05
leaf_weight=81 92 52 215 81 235 67 269 130 208 195 100 64 91 90 72 93 92 54 1124 54 654 150 79 51 60 58 68 55 499 386 153 53 226 74 123 2761 1058 604 184 126 51 62 215 174 51 86 719 2407 72 279 218 3612 58 150 478 710 258 2264 130 128 265 976
leaf_count=81 92 52 215 81 235 67 269 130 208 195 100 64 91 90 72 93 92 54 1124 54 654 150 79 51 60 58 68 55 499 386 153 53 226 74 123 2761 1058 604 184 126 51 62 215 174 51 86 719 2407 72 279 218 3612 58 150 478 710 258 2264 130 128 265 976
internal_value=2.43588e-05 0.00269446 1.38937e-06 6.13939e-05 -0.000877361 4.65164e-05 0.000966899 0.000529129 0.00142609 -0.000710691 5.23866e-05 0.00533257 0.00302259 4.22807e-06 0.00131521 0.00225666 4.0711e-05 -0.00145942 1.21819e-05 1.95614e-07 -0.000832522 -0.00188588 -0.000833791 0 -0.00251113 -0.00286608 4.02718e-05 0.000166391 -0.000333105 0 0.00171162 0.000272757 0.00126346 0.000632873 6.56943e-05 0.000212324 0.000379541 0.00103046 0.000645931 0.00167602 0.00263018 0.000222123 0.000265508 0.00120979 0.00214256 0.00388403 -0.000115661 -0.000224454 -3.84847e-05 -0.000146002 0.0013358 -3.89986e-05 -0.000980248 -0.00173182 0.00100335 -0.000337472 -0.0022779 0.000129688 0.000510778 -9.14116e-05 0.00144054 0.000295852
internal_weight=24244 197 24047 22537 1510 22456 960 802 477 325 565 116 158 21496 265 193 20627 945 20059 19967 869 710 280 201 430 376 18843 10506 1803 1304 208 8703 476 423 349 8227 5466 1033 965 361 235 4433 4371 526 311 137 8337 6642 4235 3945 290 3666 300 208 568 1096 316 3845 1453 2392 395 1695
internal_count=24244 197 24047 22537 1510 22456 960 802 477 325 565 116 158 21496 265 193 20627 945 20059 19967 869 710 280 201 430 376 18843 10506 1803 1304 208 8703 476 423 349 8227 5466 1033 965 361 235 4433 4371 526 311 137 8337 6642 4235 3945 290 3666 300 208 568 1096 316 3845 1453 2392 395 1695
is_linear=0
shrinkage=0.05


Tree=20
num_leaves=63
num_cat=0
split_feature=4 38 29 4 35 29 10 4 6 30 43 15 7 35 26 11 43 7 22 25 23 29 26 33 23 26 10 28 35 26 22 32 35 30 25 23 19 25 43 35 11 8 7 30 30 29 13 10 19 35 29 26 40 19 25 15 31 6 4 26 4 39
split_gain=0.731556 0.611896 0.542295 0.581891 0.369031 0.300733 0.314926 0.3569 0.287824 0.420321 0.396765 0.340835 0.271241 0.26913 0.281841 0.239882 0.269664 0.228994 0.258583 0.376166 0.285692 0.22804 0.264562 0.244709 0.220134 0.202622 0.187572 0.187316 0.186621 0.265392 0.231776 0.205231 0.191849 0.184024 0.190547 0.176293 0.17303 0.166297 0.215765 0.205179 0.541726 0.172752 0.398734 0.249847 0.386218 0.227997 0.208268 0.202129 0.297502 0.200936 0.199043 0.169346 0.165684 0.164506 0.157264 0.199569 0.156522 0.154218 0.150475 0.148476 0.204359 0.145962
threshold=0.61900952458381664 -0.12177754938602446 0.1663879677653313 -0.15329327434301374 -0.055890938267111771 5.7910320758819589 0.062591869384050383 0.25177054107189184 -0.039063861593604081 0.4644951224327088 0.25181162357330328 0.041355377063155181 -0.12801525741815564 0.91433092951774608 -0.16727655380964276 0.086092781275510802 0.39274820685386663 -0.074399322271347032 -0.041622994467616074 0.45819489657878881 0.18149674683809283 -0.48242506384849543 -0.1789240017533302 -0.40378853678703303 0.29353436827659612 -0.34707818925380701 0.070093240588903441 1.2863372564315798 0.86797818541526806 -0.1789240017533302 -0.068530369549989686 0.2476865500211716 -0.24939888715744016 -0.11022333800792693 0.2088904604315758 0.1529173478484154 0.026590306311845783 0.030589965172111992 0.086384154856205 0.64267569780349743 0.04628210328519345 0.0034950538538396363 0.018997467122972015 -0.44188536703586573 -0.50762096047401417 -0.16155677288770673 -0.019807447679340836 0.029147294349968437 0.041495187208056457 0.55857428908348095 -0.071553654968738542 -0.071763511747121797 70.737030029296889 0.21715192496776584 0.021792521700263027 0.068194955587387099 -0.15025380998849866 0.0062475483864545831 1.0000000180025095e-35 -0.097787830978631959 -0.038159374147653573 -0.0016698468825779853
decision_type=2 2 2 2 2 2 2 2 2 2 2 2 2 2 2 2 2 2 2 2 2 2 2 2 2 2 2 2 2 2 2 2 2 2 2 2 2 2 2 2 2 2 2 2 2 2 2 2 2 2 2 2 2 2 2 2 2 2 2 2 2 2
left_child=1 2 3 -1 -2 6 7 13 11 10 -10 26 53 17 -15 -11 -17 24 21 20 -20 22 -19 -23 -3 -25 -8 28 32 -30 31 -31 33 -27 58 61 -12 38 -34 -40 -41 42 45 44 -43 47 49 48 -39 -44 57 -47 -29 -13 -6 -56 -24 -45 -35 60 -48 -21
right_child=4 5 -4 -5 54 -7 8 -9 9 15 36 12 -14 14 -16 16 -18 18 19 35 -22 23 56 25 -26 27 -28 52 29 30 -32 -33 37 34 -36 -37 -38 41 39 40 -42 43 46 50 -46 51 59 -49 -50 -51 -52 -53 -54 -55 55 -57 -58 -59 -60 -61 -62 -63
leaf_value=0.0091185255138097453 0.0019399585889948306 0.0010775410568085121 -0.00044785395585895742 0.0014544822160073006 0 -0.0032560552846878131 0 -0.00073176235261048059 0.0072688096218431995 -0.0002977544717619888 0.0044166842300334191 0.00029508067212267737 -0.00019691303276432736 -0.0023757353145205384 -7.1596402379551564e-05 0.0045274564310158081 0.00047514279142093298 -0.00036767715873401704 -0.00015067366800130118 -0.0014639061587543847 0.0010087126589170927 -0.00078750582366489289 9.6446370277570559e-05 -0.0023744538855732331 -0.00061502812325726366 0.0020984271903371882 -0.0031287032291251386 -0.0014199845485137379 -0.00041848319085935755 0.00096277483794056167 0.0003507090023859591 0.0052604880059462858 0.00347661326823246 0.0024967628860676654 -0.00096025891970499475 -0.0029684342713131606 0.00055870645704015677 0.00067973606125619696 -0.00030023757050801861 0.00022406228249459423 0.0059893821596290822 -0.00011060777613289867 0.0016494028339051267 0.00034538190515171955 0.0041319259205677859 -0.0011682484878287058 0.001827201903977076 -0.0011056550696548356 0.0046855414491226407 -0.00064959299799491777 -4.5488113404929052e-05 5.4154311536732348e-05 0.00094470008482624383 0.0047383322845895685 -0.0013670431843917795 -0.0037218746386161574 0.0033573258724533283 -0.0014406316073772979 0 0.00081979565099390148 0.0055217209867699894 0.0014863466824005757
leaf_weight=50 53 954 64 68 68 70 70 1665 52 286 50 53 173 233 363 67 150 104 9715 143 558 600 69 70 220 275 111 281 112 65 114 88 78 119 154 166 116 361 283 193 55 123 167 128 82 492 188 99 58 202 1844 582 87 58 238 215 160 547 106 201 64 52
leaf_count=50 53 954 64 68 68 70 70 1665 52 286 50 53 173 233 363 67 150 104 9715 143 558 600 69 70 220 275 111 281 112 65 114 88 78 119 154 166 116 361 283 193 55 123 167 128 82 492 188 99 58 202 1844 582 87 58 238 215 160 547 106 201 64 52
internal_value=-1.50931e-05 2.6676e-05 0.00291085 0.0049377 -0.00177869 3.18974e-06 1.40745e-05 -2.72178e-05 0.000808453 0.00143666 0.00329402 -0.000112397 0.000909718 2.8652e-05 -0.00101552 0.000579554 0.00184879 6.11096e-05 1.73973e-05 -0.000143569 -8.52196e-05 0.000230461 0.00152063 0.000172216 0.000738952 0.000255506 -0.00185199 0.000284922 0.000347147 0.00144056 0.00231316 0.00360661 0.000278394 0.00109721 0.000303043 -0.00173245 0.00188067 0.000180778 0.00096565 0.000546847 0.00161274 8.27975e-05 0.000394077 -0.000183903 0.00147068 -5.27481e-05 0.00128936 0.000790388 0.00129876 0.000324039 -0.000328743 -0.000482846 -0.000792576 0.00285183 -0.00220642 -0.00254268 0.00248607 -0.00106494 0.00127878 0.00201933 0.00287358 -0.000547506
internal_weight=24232 23658 182 118 574 23476 23406 22220 1186 721 218 465 284 20555 596 503 217 19959 18785 10634 10273 8151 333 7818 1174 7218 181 7148 6780 379 267 153 6401 654 379 361 166 5747 609 531 248 5138 2414 2724 205 1592 822 518 419 369 2519 1074 368 111 521 453 229 675 225 453 252 195
internal_count=24232 23658 182 118 574 23476 23406 22220 1186 721 218 465 284 20555 596 503 217 19959 18785 10634 10273 8151 333 7818 1174 7218 181 7148 6780 379 267 153 6401 654 379 361 166 5747 609 531 248 5138 2414 2724 205 1592 822 518 419 369 2519 1074 368 111 521 453 229 675 225 453 252 195
is_linear=0
shrinkage=0.05


Tree=21
num_leaves=63
num_cat=0
split_feature=3 29 26 35 2 35 26 24 8 30 25 43 30 41 36 39 30 29 29 39 30 30 25 0 7 25 30 8 30 30 30 25 19 30 36 29 42 42 2 30 27 16 26 24 35 2 30 36 42 26 5 2 25 42 1 28 12 30 30 35 22 22
split_gain=0.605002 0.407385 0.39843 0.499036 0.405074 0.391958 0.345124 0.376705 0.580481 0.558014 1.40863 0.363148 0.453835 0.28356 0.404752 0.280046 0.317637 0.24631 0.352889 0.480906 0.222558 0.360023 0.218225 0.400037 0.216183 0.325766 0.332225 0.288895 0.208964 0.191086 0.219015 0.212366 0.189968 0.1868 0.198402 0.284734 0.203637 0.175248 0.166432 0.159545 0.157642 0.20278 0.166945 0.295012 0.270237 0.158859 0.153472 0.314172 0.511057 0.317101 0.242803 0.158993 0.154197 0.153219 0.191442 0.158264 0.15188 0.150675 0.149186 0.149151 0.158546 0.148724
threshold=-0.19391398131847379 5.7910320758819589 -0.4522478580474853 0.29126040637493139 0.16944944113492968 0.63108494877815258 -0.26719814538955683 -0.10054798051714896 -0.036159239709377282 -0.285226359963417 0.30006869137287145 0.30832995474338537 2.1460429430007939 0.55000001192092907 0.77180176973342907 0.097108654677867903 1.4932683110237124 -0.46766716241836542 0.54259765148162853 -0.083633493632078157 0.38628971576690679 0.91392418742179882 0.027196907438337806 0.014601077884435655 -0.074399322271347032 0.45819489657878881 -0.59795659780502308 -0.12373977154493331 0.32645069062709814 -0.5375000238418578 -0.35123443603515619 0.55526316165924083 0.057664193212985999 -0.47098673880100245 0.87288585305213939 2.0969654321670537 0.57500001788139354 0.37500000000000006 -0.11753811314702033 -0.16358485072851178 1.1237463355064394 0.037620883435010917 -0.099722780287265764 -0.025113921612501141 1.0000000180025095e-35 -0.037701755762100213 0.60153096914291393 0.6251000463962556 0.42499999701976782 -0.1689721271395683 0.031651813536882407 -0.038310313597321503 0.15432751178741458 0.37500000000000006 -0.069029282778501497 -0.35395845770835871 0.025570883415639404 0.18080043792724612 -0.16725766658782956 0.16437883675098422 -0.032814718782901757 -0.080016501247882829
decision_type=2 2 2 2 2 2 2 2 2 2 2 2 2 2 2 2 2 2 2 2 2 2 2 2 2 2 2 2 2 2 2 2 2 2 2 2 2 2 2 2 2 2 2 2 2 2 2 2 2 2 2 2 2 2 2 2 2 2 2 2 2 2
left_child=5 2 3 -2 6 17 37 8 9 10 -8 33 28 14 -6 16 -15 -1 19 -19 22 -22 23 -9 27 40 -27 29 -13 -24 -31 58 -30 -10 46 36 -36 -4 -21 59 41 42 44 53 57 -45 47 52 -49 -50 -51 -48 -35 55 -55 -44 -43 -26 -32 -39 -61 -41
right_child=1 -3 4 -5 13 -7 7 20 11 -11 -12 12 -14 15 -16 -17 -18 18 -20 38 21 -23 24 -25 25 26 -28 -29 32 30 31 -33 -34 34 35 -37 -38 39 -40 61 -42 56 43 45 -46 -47 51 48 49 50 -52 -53 -54 54 -56 -57 -58 -59 -60 60 -62 -63
leaf_value=0 0.00078717823075168916 -0.0033090502196164045 0.0011406903966496736 -0.0030128910179038015 1.4472418649331529e-05 -0.0012971828110326248 0.01122361470845395 8.342946666817501e-06 0.0020509969024631422 0.00095187105084630023 0.00075136808460450687 0 -0.00059104289566980304 0.00066145548311188126 0.0050555134583311866 0.0031388457219816814 -0.0025552354197022941 0.0077809923008553749 -0.00026374626985710604 0.0037898446998335107 -0.00099694187925142871 0.00025980926810344044 0.0045236491438533583 0.0043924984120933706 0.00033299850134683355 0.0015561836205009642 -0.0018914636156537523 -0.0001650724285440666 0.0012309535771347347 -0.00096808372717876892 0.0040620129275091808 -0.00033514644629266226 0.0049377402213405868 -0.00010159404479609831 0.0038100628417881283 -0.001135577115275403 1.9316253957069861e-05 -0.0031160477630486931 0.00069888401266899876 -0.00095504425562513049 -0.00092563904569639515 0.0035901138355044558 -0.00056527858164082188 8.6804789087670833e-05 -0.00051994349055474703 -0.00057823791261115407 0.0014364987735946974 0.0044115310777278717 -0.00061027875816444498 0.00046137162234962862 0.00369279232934344 -0.00096839966710577426 -0.001516195423409656 0.0032400254524395907 0.00011248960675976869 0.00099922852555584668 0 0.0031647734523264576 0.0013208001263491397 -0.0014698257424520561 0.00084147864545229827 9.8519543614611357e-05
leaf_weight=69 121 94 114 239 84 78 52 185 108 463 98 61 134 457 98 90 91 61 57 116 1505 874 52 79 518 75 431 477 78 88 95 83 123 802 105 73 74 128 108 692 475 68 164 1698 2833 1782 67 89 370 212 94 787 274 50 3392 1243 51 56 202 350 79 574
leaf_count=69 121 94 114 239 84 78 52 185 108 463 98 61 134 457 98 90 91 61 57 116 1505 874 52 79 518 75 431 477 78 88 95 83 123 802 105 73 74 128 108 692 475 68 164 1698 2833 1782 67 89 370 212 94 787 274 50 3392 1243 51 56 202 350 79 574
internal_value=3.54994e-06 -3.12759e-05 -1.71254e-05 -0.00166698 7.33132e-06 0.00174444 -3.14211e-05 2.75836e-05 0.000459588 0.00188173 0.00457309 0.000199494 0.00162352 0.00109941 0.00287228 0.000552666 7.98757e-05 0.00238331 0.00293638 0.00366332 -7.74687e-05 -0.000524771 -1.93017e-07 0.00142061 -2.91663e-05 -8.59943e-05 -0.00133006 0.000677086 0.00285037 0.00149705 0.00110293 0.00164888 0.00362998 6.48899e-06 -6.02904e-05 0.00126707 0.00238663 -0.000669857 0.00241579 -0.00079707 -3.28609e-05 8.39284e-07 -1.79156e-05 0.000100429 -0.000314539 -0.000246594 -0.000193894 5.05073e-05 0.000837014 0.000326537 0.00154 -0.000749738 -0.000485578 0.000354633 0.000165648 0.000798971 0.00205203 0.000655299 0.00228701 -0.00152231 -0.00098551 -0.000457772
internal_weight=24240 23751 23657 360 23297 489 22477 20540 4064 613 150 3451 396 820 182 638 548 411 342 285 16476 2379 14097 264 13833 12836 506 997 262 520 468 380 201 3055 2947 252 179 1937 224 1823 12330 11855 11736 8329 3407 3480 2695 1841 765 676 306 854 1076 4849 3442 1407 119 574 297 557 429 1266
internal_count=24240 23751 23657 360 23297 489 22477 20540 4064 613 150 3451 396 820 182 638 548 411 342 285 16476 2379 14097 264 13833 12836 506 997 262 520 468 380 201 3055 2947 252 179 1937 224 1823 12330 11855 11736 8329 3407 3480 2695 1841 765 676 306 854 1076 4849 3442 1407 119 574 297 557 429 1266
is_linear=0
shrinkage=0.05


Tree=22
num_leaves=63
num_cat=0
split_feature=8 26 3 11 35 35 29 10 26 3 15 30 25 29 43 30 30 43 39 26 35 16 10 2 8 26 26 3 10 41 30 42 26 25 30 24 3 26 10 31 9 25 25 2 3 35 30 26 30 34 15 29 25 24 6 24 35 11 43 30 43 11
split_gain=0.799132 0.440817 0.435372 0.473524 0.655299 0.418792 0.366409 0.376524 0.279237 0.26828 0.2491 0.230125 0.29086 0.250073 0.243115 0.35622 0.490539 1.13686 1.20986 3.29165 0.36102 0.292982 0.276812 0.340584 1.00566 0.295605 0.324501 0.232788 0.226945 0.256525 0.270243 0.278433 0.257621 0.323338 0.368037 0.244573 0.226081 0.217468 0.256492 0.215578 0.325778 0.209114 0.264934 0.231724 0.196904 0.293233 0.224839 0.306823 0.191858 0.188709 0.213485 0.186266 0.39383 0.246697 0.185997 0.184806 0.220928 0.182594 0.180069 0.178589 0.17528 0.172777
threshold=-0.27459043264389033 -0.4522478580474853 -0.19391398131847379 0.087697863578796401 -0.26187232136726374 0.016954505816102031 5.7910320758819589 0.065299078822135939 -0.26719814538955683 0.51174607872962963 0.030445757322013382 -0.58834075927734364 0.43259637057781225 -0.027657108381390568 0.22016132622957232 0.3978544175624848 0.18080043792724612 0.10089965537190439 -0.001399275322910398 -0.065912432968616472 0.84095594286918651 0.0045091602951288232 0.042589567601680763 0.064015518873929991 -0.0252919178456068 -0.23751939088106153 -0.027423198334872719 0.094814404845237746 0.015019291546195747 0.55000001192092907 -0.36056292057037348 0.47499999403953558 -0.14233797043561933 0.11052376776933671 -0.40475822985172266 -0.031773267313837998 -0.14915861189365384 -0.15982779860496518 0.026746174320578579 0.56122714281082164 0.031829606741666801 0.16746865212917331 0.25324453413486486 0.048645591363310821 -0.043486857786774628 0.32826684415340429 -0.33457529544830317 -0.027423198334872719 -0.17597483098506925 0.89795213937759411 0.045680038630962379 0.072262726724147811 0.13872060179710391 -0.029944017529487606 -0.0493833590298891 -0.13148824870586392 0.099036958068609252 0.027156613767147068 0.15116999298334124 -0.38951569795608515 0.11326454579830171 0.052841356024146087
decision_type=2 2 2 2 2 2 2 2 2 2 2 2 2 2 2 2 2 2 2 2 2 2 2 2 2 2 2 2 2 2 2 2 2 2 2 2 2 2 2 2 2 2 2 2 2 2 2 2 2 2 2 2 2 2 2 2 2 2 2 2 2 2
left_child=-1 5 3 -3 -5 -2 7 8 -4 -7 -9 13 14 -10 15 16 28 18 19 -18 60 -22 23 25 -25 27 -27 -16 -13 32 31 -31 33 34 -30 -35 -28 -32 -39 40 -12 59 43 -43 45 -44 -47 48 -48 50 -26 -24 -53 61 -6 -14 -57 -33 -40 -34 -19 -54
right_child=1 2 6 4 54 9 -8 10 11 -11 39 12 55 -15 22 -17 17 20 -20 -21 21 -23 51 24 49 26 36 -29 29 30 37 57 41 35 -36 -37 -38 38 58 -41 -42 42 44 -45 -46 46 47 -49 -50 -51 -52 52 53 -55 -56 56 -58 -59 -60 -61 -62 -63
leaf_value=0.0046692408898190872 0.002257704899366041 -0.00013782777595953757 -0.00057800308444828192 0.0081455141100292665 0.003282049138922374 -0.0033235699387578542 -0.0032942675836216996 -0.0011849654734481215 0.0012936222374219243 0 0 -0.00031504598595137861 0.0014364752404381997 -0.00066602026686861946 0 -0.0005692526464199844 0.015110263262378208 -0.001916560468225555 0.00079687752932641439 0.00047741164210071766 0.00015237032890380665 0.0045646443434997032 -0.0010588204885435149 0.0088689487617036496 0.00014363134525294228 2.1126205182512867e-05 0.00011813341881008408 0.0041892450380449494 0.0043500168650125216 -0.00016671441912347843 -0.00068173816703019662 0.0013851503098264019 0.0010216205065167547 -0.0019728882152006419 -0.00012000778241026355 0 0.005115940606023754 0.00015504624881640326 0.0039768193315494636 -0.00084647016648332636 0.002169524489190347 0.00068678543832484591 -0.00038758546874785956 0.0034251618104587712 -0.0011121504165648233 -1.4510067008739832e-05 0.0062411151169534263 0 0.0014712809499924486 -0.0014688742471237978 0.00421450150403695 -0.0013677369055312086 -7.0258476747974964e-05 -0.0017604547386786138 0 -0.0022066707693983436 -0.00044158042250718506 0.0051023962530972709 0.00069772553657336794 -0.00046477419011935412 0 0.00234186766778794
leaf_weight=92 51 176 2032 53 79 228 83 107 681 94 224 4581 71 195 65 2575 66 133 243 100 99 76 377 51 101 1219 56 94 50 64 296 93 225 485 435 215 56 425 99 93 574 1574 556 87 355 122 61 82 59 52 59 209 74 50 93 297 562 87 112 1505 929 283
leaf_count=92 51 176 2032 53 79 228 83 107 681 94 224 4581 71 195 65 2575 66 133 243 100 99 76 377 51 101 1219 56 94 50 64 296 93 225 485 435 215 56 425 99 93 574 1574 556 87 355 122 61 82 59 52 59 209 74 50 93 297 562 87 112 1505 929 283
internal_value=3.00193e-05 1.12752e-05 3.89856e-05 0.00167195 0.00319563 -0.00169167 9.96537e-06 2.284e-05 -1.84606e-05 -0.00239725 0.000973293 3.62197e-05 0 0.000828747 4.38365e-05 -3.01996e-05 7.29709e-05 0.000881122 0.00316692 0.00647335 0.000104173 0.00221855 0.000478561 0.000858757 0.0025426 0.000544015 0.000279 0.00259791 -3.98922e-05 0.000136943 0.000810236 0.00231173 0 -0.000656988 0.000293332 -0.00135085 0.00285089 0.000389302 0.000927195 0.00126104 0.00153834 0.000169136 0.000432194 0.000846251 -0.00010457 0.000273905 0.00148495 0.00251181 0.00411925 0.000885767 0.00180898 -0.000167552 0.00033778 0.00127554 0.00150626 -0.00086208 -0.00108188 0.00332948 0.00236023 -0.000256771 -0.000221592 0.00177255
internal_weight=24320 24228 23855 401 225 373 23454 23371 22373 322 998 20341 19465 876 18535 15789 13214 1646 409 166 1237 175 2746 1753 263 1490 1331 159 11568 6987 1176 244 5811 1185 485 700 112 932 636 891 798 4626 2896 1661 1235 880 324 202 120 212 160 993 616 407 172 930 859 180 211 1730 1062 357
internal_count=24320 24228 23855 401 225 373 23454 23371 22373 322 998 20341 19465 876 18535 15789 13214 1646 409 166 1237 175 2746 1753 263 1490 1331 159 11568 6987 1176 244 5811 1185 485 700 112 932 636 891 798 4626 2896 1661 1235 880 324 202 120 212 160 993 616 407 172 930 859 180 211 1730 1062 357
is_linear=0
shrinkage=0.05


Tree=23
num_leaves=63
num_cat=0
split_feature=8 4 36 40 3 30 7 36 23 30 0 25 39 4 30 30 39 11 35 28 31 15 42 40 24 4 20 8 37 4 25 3 35 12 44 22 9 9 34 21 11 39 11 43 43 30 25 1 23 16 39 30 23 37 36 25 30 7 8 14 13 43
split_gain=0.48197 0.438372 0.436506 0.941968 0.323598 0.31963 0.292782 0.237318 0.422535 0.59954 0.235922 0.220639 0.362536 0.204038 0.262717 0.254273 0.194326 0.289846 0.192223 0.177498 0.182499 0.25366 0.17327 0.172165 0.270711 0.314462 0.170546 0.336888 0.322247 0.21752 0.161479 0.484922 0.169664 0.405477 0.202488 0.216584 0.195838 0.166593 0.161221 0.156934 0.230141 0.149905 0.195374 0.145443 0.300418 0.151536 0.145082 0.144323 0.141929 0.138367 0.137478 0.137006 0.133563 0.219131 0.228613 0.162573 0.13287 0.131083 0.125729 0.207823 0.14138 0.18912
threshold=-0.23147377371788022 0.66495800018310558 0.25693850219249731 20.905278205871586 0.51174607872962963 3.7268481254577641 -0.11974776908755301 0.88796809315681469 0.061117902398109443 0.47817875444889074 0.018565997481346134 0.6615743637084962 -0.083633493632078157 0.22712958604097369 0.13954249769449237 4.295896291732789 0.025006700307130817 0.069338008761405959 0.92965024709701549 -0.38076002895832056 0.22839647531509402 0.034747399389743812 0.37500000000000006 69.599380493164077 -0.33070693910121912 0.38477186858654028 -0.040242675691843026 -0.047980697825551026 0.031435886397957809 -0.029057705774903294 0.03192261420190335 0.031896429136395461 0.53813701868057262 0.023881510831415657 0.00080187429557554435 -0.082969184964895235 0.050475338473916061 0.012068081181496383 0.22669146209955218 0.16321282088756564 0.057767845690250404 0.0057422276586294183 0.048746960237622268 0.22016132622957232 0.14200109243392947 0.076919022947549834 0.33549594879150396 -0.024182382039725777 0.29353436827659612 -0.0098679135553538782 0.08849289640784265 0.33573706448078161 0.077322278171777739 -0.013331501279026268 0.25144627690315252 0.14431941509246829 -0.52263918519020069 -0.050027225166559212 -0.029617746360599991 0.47520491480827337 -0.045850176364183419 0.29181513190269476
decision_type=2 2 2 2 2 2 2 2 2 2 2 2 2 2 2 2 2 2 2 2 2 2 2 2 2 2 2 2 2 2 2 2 2 2 2 2 2 2 2 2 2 2 2 2 2 2 2 2 2 2 2 2 2 2 2 2 2 2 2 2 2 2
left_child=2 6 3 -1 39 -6 19 11 9 -9 -11 12 -8 26 22 16 41 47 50 -2 21 -21 -15 -19 -25 -26 27 28 29 43 31 -29 33 -32 -35 -36 46 -33 -13 40 -3 -16 -43 44 -14 -45 58 -18 49 -28 -10 -38 -51 -54 -55 -56 -24 -47 59 -34 -60 -62
right_child=1 4 -4 -5 5 -7 7 8 18 10 -12 38 13 14 15 -17 17 23 -20 20 -22 -23 56 24 25 -27 48 30 -30 -31 32 37 36 34 35 -37 51 -39 -40 -41 -42 42 -44 45 -46 57 -48 -49 -50 52 -52 -53 53 54 55 -57 -58 -59 60 -61 61 -63
leaf_value=-0.00012114096688512796 -0.00091978838504518123 -0.00019019352177718096 -0.00092116307274883865 0.007606819592769193 0.0030756651127869772 -0.0018548018597066404 0.0037207566670055484 0.0062629742250071788 0.00013461256258695336 0.0029943133308766821 -0.00070758013149811185 0 0.0018796206469728451 0.00076474435148103279 0.00026882224778082699 -0.0029845045868483349 0.00063163375550317113 -0.00012629135858530747 -0.0017934169774026206 0 -0.00018377297188812636 0.0035230442580006871 0.00019296906175738087 -0.00088194718810333185 0.00021645548793773248 0.0056866592023521664 0.00016317023238822197 0.0047950725588533612 0.0039113797753191643 -0.0010871510942834716 -3.1032819278743097e-05 0.0027881625249711241 -0.0013076382269212438 0.00053495038951439043 0.0013307652566648016 0.0062372155416579476 0.0035115239512991379 0 -0.0029664992648745759 -0.0001137817952713352 -0.0039545149671514493 0.0043164872828043415 0 0.002636464500297489 -0.00021961753823285907 -0.0006971516602870347 -0.0025773760041541607 -0.0019212661702190594 -0.0015538789873622682 2.5497367707015102e-06 0.0027629215190777693 0 2.8386486491989033e-05 -0.0014922208395078324 -0.0010120575851570149 0 -0.0013909028931025349 0.0017162189713801073 -0.0015960878875004251 0.0023603630303729566 -0.00047347906558408288 0.0016582693933336022
leaf_weight=66 51 71 57 79 64 62 64 77 407 69 95 59 250 110 200 63 54 241 108 53 56 179 122 50 63 62 4678 67 88 138 1311 58 53 131 70 52 50 534 110 81 181 74 57 222 483 89 84 246 161 4914 61 80 1805 661 633 1134 968 118 270 100 1534 107
leaf_count=66 51 71 57 79 64 62 64 77 407 69 95 59 250 110 200 63 54 241 108 53 56 179 122 50 63 62 4678 67 88 138 1311 58 53 131 70 52 50 534 110 81 181 74 57 222 483 89 84 246 161 4914 61 80 1805 661 633 1134 968 118 270 100 1534 107
internal_value=8.43928e-06 -1.09925e-05 0.00243812 0.00392912 -0.00154116 0.000454192 1.77723e-05 -2.45341e-06 0.00083315 0.00259177 0.000702315 -3.40391e-05 -1.92117e-05 -3.12114e-05 -0.000476371 5.69945e-05 0.000265211 -0.000167543 5.23652e-05 0.00147564 0.00198734 0.0026182 -0.000990376 0.000646155 0.0018497 0.00314073 1.92807e-05 0.00024598 0.000927502 0.000704867 3.01815e-05 0.000757067 -8.80738e-05 0.000304199 0.00213656 0.00364304 -0.000368375 0.000254208 -0.00183277 -0.00237066 -0.00299542 0.00127557 0.00261562 0.00093957 0.000463067 0.00169404 -0.000491302 -0.00137826 -7.43921e-05 -5.52988e-05 0.000533136 0.00146528 -0.000169765 -0.000375683 -0.000686312 -0.000370356 -0.00119069 0.000558925 -0.00039369 0.000926761 -0.000512703 -0.000318787
internal_weight=24235 24033 202 145 459 126 23574 23235 817 241 164 22418 22249 22185 2310 1110 1047 716 576 339 288 232 1200 416 175 125 19875 5889 1388 1300 4501 659 3842 1564 253 122 2278 592 169 333 252 331 131 1162 733 429 2148 300 13986 13825 468 130 9147 4233 2428 1767 1090 207 2064 153 1911 1641
internal_count=24235 24033 202 145 459 126 23574 23235 817 241 164 22418 22249 22185 2310 1110 1047 716 576 339 288 232 1200 416 175 125 19875 5889 1388 1300 4501 659 3842 1564 253 122 2278 592 169 333 252 331 131 1162 733 429 2148 300 13986 13825 468 130 9147 4233 2428 1767 1090 207 2064 153 1911 1641
is_linear=0
shrinkage=0.05


Tree=24
num_leaves=63
num_cat=0
split_feature=38 29 44 4 26 29 15 10 15 24 44 30 44 25 43 30 30 30 9 25 30 30 3 9 8 4 25 44 30 41 43 23 23 26 43 24 3 26 22 34 30 25 44 29 30 30 35 43 35 6 8 34 44 30 8 4 21 30 17 8 27 38
split_gain=0.5165 0.407761 0.482845 0.48055 0.377578 0.244659 0.243049 0.284659 0.31626 0.276293 0.362045 0.284003 0.244151 0.211511 0.719987 0.736793 2.23226 0.22126 0.198698 0.192666 0.183547 0.179237 0.178105 0.291571 0.27562 0.226315 0.185507 0.184825 0.184249 0.166739 0.208714 0.16283 0.176845 0.200565 0.220828 0.159737 0.310272 0.200711 0.241327 0.170082 0.15936 0.21158 0.156545 0.147824 0.168494 0.142236 0.190167 0.17768 0.174185 0.202913 0.169055 0.142078 0.163536 0.138973 0.134556 0.129527 0.128997 0.159723 0.214366 0.125712 0.124639 0.121185
threshold=-0.10254577174782752 0.67694902420043956 -0.0094725401140749437 -0.19360437244176862 -0.31372436881065363 5.7910320758819589 0.025794246233999733 0.057794710621237762 0.091708034276962294 -0.11507106199860571 -0.0041170564945787183 0.046978587284684188 0.00012422379950294274 0.089508414268493666 0.10234299302101137 0.15266271680593493 0.2895732074975968 -0.41351300477981562 0.042067663744091995 0.14431941509246829 0.0088910204358398932 1.1044813990592959 0.35558056831359869 0.063592724502086653 0.28517641127109533 0.72096338868141185 0.16279997676610949 -0.0047973929904401294 1.4932683110237124 0.45000000298023229 0.079814605414867415 0.29353436827659612 0.20169088244438174 -0.15723518282175061 0.34157858788967138 -0.18562921136617658 0.099228642880916609 -0.18531182408332822 -0.074630178511142717 0.58728685975074779 1.0613260269165041 0.11052376776933671 0.0054586611222475776 -0.25664669275283808 -0.33889751136302942 -0.16358485072851178 0.12259646505117418 0.15956141054630282 0.53813701868057262 0.029687267728149894 -0.13851017504930493 -0.26592755317687983 -0.0045776439364999524 1.6202574968338015 -0.16400635242462155 0.28094644844532018 0.043005833402276046 -0.34265612065792078 -0.0074605457484722129 -0.057670870795845978 0.6375161111354829 -0.035409450531005852
decision_type=2 2 2 2 2 2 2 2 2 2 2 2 2 2 2 2 2 2 2 2 2 2 2 2 2 2 2 2 2 2 2 2 2 2 2 2 2 2 2 2 2 2 2 2 2 2 2 2 2 2 2 2 2 2 2 2 2 2 2 2 2 2
left_child=1 2 3 -1 22 6 18 8 13 11 20 -9 60 14 15 29 -17 -16 -6 55 -11 -19 25 24 -24 27 -27 -2 -25 -8 -31 32 35 -34 43 36 -15 38 -37 -38 -26 -42 -40 51 -45 47 -47 48 49 -39 61 -35 -53 -21 -46 -13 -52 -58 -59 -60 -10 -49
right_child=4 -3 -4 -5 5 -7 7 9 12 10 -12 19 -14 31 17 16 -18 21 -20 53 -22 -23 23 28 40 26 -28 -29 -30 30 -32 -33 33 34 -36 37 39 45 42 -41 41 -43 -44 44 54 46 -48 50 -50 -51 56 52 -54 -55 -56 -57 57 58 59 -61 -62 -63
leaf_value=0.0068376373388760155 0.0017878579889613212 -0.0019023628798612486 0.00029696400274242899 0.0011328317646360014 -9.6909197125542428e-05 -0.0032536060457025564 0 0.0045819404557999781 0.0022679659473889189 -4.2778210973436823e-05 -0.0018058932872696055 -0.00060325937767492658 -0.0022915193663330231 0.0038663277571581926 0.0032154189793862659 0.013373364709582556 0.00019198391957492647 0.00031804515031173201 -0.0027764856174641046 0.0029403427127961661 0.0026898730639492146 -0.00088445305392719192 -0.0015005793990774891 0 0 -0.0041875150159765518 -0.00087150034881766723 -0.00082185101824724233 -0.0033430630547076866 0 0.0036172748454624697 -0.0013313525722654157 -0.00033289883785457932 0 0.004276346527418106 -0.0017639022562825294 0.0022079742478166263 0.00025268921267246764 -0.0004399231764754799 -0.0011831534743547475 0.0041296546240144061 0 0.0015752483579663063 -0.0018522825359189713 0.0023503771797150595 -0.0007314819958766269 0.00010911783166660672 0.00029960996502389516 -0.00062641076326836874 0.0035061403953780736 1.7125542235189552e-05 0.0032247025277794988 0 4.5655068131697599e-05 -3.4726898815921125e-05 0.0022940823437742853 0.00071638302647479817 0.00091805338615878718 0.0054855452816352061 0.0014684237649641855 -0.0010053642003715617 -0.0024848414230204765
leaf_weight=94 66 54 151 81 9874 55 179 83 54 93 157 159 230 78 58 54 88 1577 70 175 117 381 64 77 54 97 118 1176 73 51 94 200 268 102 58 337 57 1021 662 103 108 56 110 81 86 933 2295 112 598 52 204 155 61 78 127 50 310 139 78 54 51 52
leaf_count=94 66 54 151 81 9874 55 179 83 54 93 157 159 230 78 58 54 88 1577 70 175 117 381 64 77 54 97 118 1176 73 51 94 200 268 102 58 337 57 1021 662 103 108 56 110 81 86 933 2295 112 598 52 204 155 61 78 127 50 310 139 78 54 51 52
internal_value=2.44389e-05 0.00185228 0.00255275 0.00435033 -3.55666e-06 5.34922e-05 6.29675e-05 0.00021458 0.000142495 0.00106791 0 0.00178155 -0.00136026 0.000191416 0.00059784 0.00237243 0.0054094 0.000174758 -0.000118424 0.00121999 0.00136371 7.11245e-05 -0.00068288 0.000160158 0.00115858 -0.000949963 -0.00248982 -0.000662386 -0.00154838 0.000958089 0.00221634 6.73337e-05 0.000104882 0.000751114 0.00122193 1.71136e-05 0.00129144 -2.29778e-05 -0.000642362 0 0.00205532 0.00283424 -0.000119591 0.000888388 0 9.0251e-05 -0.000126176 0.000366415 4.02558e-05 0.000435207 0.000914064 0.00163648 0.00236229 0.00214838 0.000814426 0 0.00122807 0.00160989 0.0025367 0.0040426 0.000443866 -0.000436158
internal_weight=24330 380 326 175 23950 22061 22006 12062 11150 912 367 545 335 10815 2482 466 142 2016 9944 462 210 1958 1889 432 282 1457 215 1242 150 324 145 8333 8133 938 670 7195 238 6957 1109 160 218 164 772 612 294 5848 3228 2620 1671 1073 949 318 216 253 213 209 785 581 271 132 105 164
internal_count=24330 380 326 175 23950 22061 22006 12062 11150 912 367 545 335 10815 2482 466 142 2016 9944 462 210 1958 1889 432 282 1457 215 1242 150 324 145 8333 8133 938 670 7195 238 6957 1109 160 218 164 772 612 294 5848 3228 2620 1671 1073 949 318 216 253 213 209 785 581 271 132 105 164
is_linear=0
shrinkage=0.05


Tree=25
num_leaves=63
num_cat=0
split_feature=4 38 8 22 8 38 26 29 26 29 10 38 31 42 4 30 26 6 41 10 30 2 11 26 36 23 43 29 6 36 36 8 34 17 31 8 43 26 8 21 17 30 26 34 8 23 42 26 30 4 30 11 43 30 36 1 26 11 38 30 26 26
split_gain=0.767476 0.3595 0.486012 0.490537 0.32028 0.283005 0.274575 0.273818 0.237333 0.230506 0.222005 0.211739 0.209808 0.202666 0.230847 0.254373 0.239234 0.238254 0.207108 0.192419 0.341901 0.409889 0.771515 0.307293 0.28503 0.247053 0.240129 1.02199 0.210596 0.195388 0.190715 0.180323 0.173542 0.172687 0.169962 0.163956 0.320671 0.17457 0.170228 0.163463 0.241086 0.273948 0.427437 0.222665 0.162282 0.158235 0.156353 0.150127 0.139948 0.138133 0.135662 0.81634 0.132731 0.181061 0.155746 0.129804 0.128193 0.128097 0.126948 0.168041 0.123309 0.123151
threshold=0.46826477348804479 -0.058351736515760415 -0.12897175550460813 -0.097944013774394975 0.28517641127109533 0.11098580807447435 -0.58534491062164296 0.84098038077354442 -0.40751141309738154 0.42052583396434789 0.076625775545835509 0.0036580646410584454 0.042813047766685493 0.27500000596046453 0.22712958604097369 -0.046781431883573525 -0.34707818925380701 0.039638454094529159 0.35000000894069677 0.016711909323930744 -0.14365758746862409 0.075955022126436247 0.053292894735932357 -0.1789240017533302 0.85427635908126842 0.070594169199466719 0.093621261417865767 -0.10216519609093665 0.0079680033959448355 0.71036878228187572 0.096907891333103194 0.079139009118080153 0.77995535731315624 -0.036073958501219743 0.21137846261262896 0.011863667517900469 0.11191901192069055 -0.17745426297187802 -0.021586076356470581 0.047720093280076988 0.00078957868390716623 -0.37995052337646479 -0.090194892138242708 0.60334825515747081 0.13227953016757968 0.032071640715003021 0.52500000596046459 -0.38674588501453394 1.6202574968338015 0.2010610103607178 0.1874731779098511 0.013371246401220562 0.27407085895538336 1.1044813990592959 0.80598822236061107 0.10134913772344591 -0.19039867818355558 0.028620175085961822 -0.010790686588734387 -0.58834075927734364 -0.0060794921591877929 -0.099722780287265764
decision_type=2 2 2 2 2 2 2 2 2 2 2 2 2 2 2 2 2 2 2 2 2 2 2 2 2 2 2 2 2 2 2 2 2 2 2 2 2 2 2 2 2 2 2 2 2 2 2 2 2 2 2 2 2 2 2 2 2 2 2 2 2 2
left_child=1 2 3 -1 13 6 -2 32 10 52 -7 31 -6 60 16 18 -15 -17 -16 24 21 23 29 28 25 35 27 -22 56 -23 -13 -8 33 34 -5 36 50 -37 -38 40 41 42 -25 61 -32 -20 -31 -33 55 -28 -18 -52 -4 54 -54 -19 57 -21 -27 -60 -3 -41
right_child=5 4 9 7 12 8 11 -9 -10 -11 -12 30 -14 14 15 17 19 48 45 20 26 22 -24 39 -26 58 49 -29 -30 46 44 47 -34 -35 -36 37 38 -39 -40 43 -42 -43 -44 -45 -46 -47 -48 -49 -50 -51 51 -53 53 -55 -56 -57 -58 -59 59 -61 -62 -63
leaf_value=0.005653800170582075 -0.0054264262007483475 -0.0010061067524401598 0.00084319918059678914 0.0053260448859027117 0.0041758574444015015 0.001066306446953191 -0.0024766514264960206 -0.0021163749118291194 0.0026386122418253491 -0.0032519000786939791 -0.0020928149192366205 0 0.00035538639887888437 -0.0023207057407344449 0.00023041536368080805 0.00049530031039861627 -7.4506623744857652e-05 -0.0015029483469139822 0 0.0025560613549174393 0.0064174935393897835 0 0.0061632558816339051 0.006422931778408681 0.0019959216746544455 -0.00084060972296023549 -0.00012143968399607309 -0.00014062766307486327 -0.0020448207956609093 0.00016057827737430162 0 0.0016628483213776133 0.0044779872510231815 0.00075321559630433588 0.0007856780834496022 0.00066714837811794516 0.0026045091979023799 -0.00064447912367331247 0.00030881603408097589 -0.00016690730953432113 0.00052168792636763045 0.00067620607093343821 0.00045527950420618316 -0.00060195402853843076 -0.0031925956187955646 -0.0021308386904236184 0.0045523235205716141 -0.0010176779675269449 -0.0032989565101772091 0.0010833259954000586 0.0068284827372114554 -0.00028336870476337802 -0.0017304757529046401 0.0012261665328325297 0.00029404678441578543 0.00064796012019330317 -0.0017895621699262989 0 0.002628204750469587 -0.00026373472377976529 0.00042799829067245791 0.00083826493170266372
leaf_weight=71 56 821 379 50 73 81 76 52 64 53 138 59 103 106 149 663 2373 154 109 66 75 211 91 79 149 1713 6910 247 197 54 53 108 50 539 62 296 202 1322 181 354 644 158 64 494 297 461 52 91 65 243 50 173 243 117 125 109 64 129 54 627 156 1225
leaf_count=71 56 821 379 50 73 81 76 52 64 53 138 59 103 106 149 663 2373 154 109 66 75 211 91 79 149 1713 6910 247 197 54 53 108 50 539 62 296 202 1322 181 354 644 158 64 494 297 461 52 91 65 243 50 173 243 117 125 109 64 129 54 627 156 1225
internal_value=-3.21263e-05 2.59119e-05 0.000717387 0.0015994 -2.9021e-05 -0.00137253 -0.0018866 0.00118044 0 -4.83662e-05 -0.00081071 -0.00155651 0.002089 -4.77531e-05 -1.26592e-05 -0.000569436 3.71902e-05 -2.3907e-05 -0.00128605 5.21164e-05 0.000180981 0.000561802 0.00207388 0.000376749 -0.000149355 -0.000198793 -1.34712e-05 0.00131695 -0.00081016 0.000813362 -0.00229126 -0.000370825 0.00146196 0.00118869 0.00304951 1.03929e-05 0.000235709 -0.000388949 0.00158661 0.00056447 0.0011194 0.00231233 0.0039372 0.000299233 -0.0027375 -0.00172614 0.00256102 0.000312288 -0.00114866 -7.6944e-05 2.65097e-05 0.00121107 0.000120996 -0.000392159 -0.00097549 -0.000517093 3.47355e-05 0.000764402 -0.000610834 0 -0.000751442 0.000597104
internal_weight=24230 23207 1741 824 21466 1023 740 753 283 917 219 684 176 21290 20313 1710 18603 991 719 18497 11357 3882 408 3474 7140 6991 7475 322 456 317 409 275 701 651 112 4597 2979 1618 383 3018 945 301 143 2073 350 570 106 199 328 7153 2596 223 864 485 368 263 259 195 2394 681 977 1579
internal_count=24230 23207 1741 824 21466 1023 740 753 283 917 219 684 176 21290 20313 1710 18603 991 719 18497 11357 3882 408 3474 7140 6991 7475 322 456 317 409 275 701 651 112 4597 2979 1618 383 3018 945 301 143 2073 350 570 106 199 328 7153 2596 223 864 485 368 263 259 195 2394 681 977 1579
is_linear=0
shrinkage=0.05


Tree=26
num_leaves=63
num_cat=0
split_feature=38 43 3 30 15 35 21 30 36 26 36 30 30 35 30 39 27 2 12 30 23 43 10 8 39 35 43 44 26 24 3 10 43 38 15 43 30 43 35 28 44 17 35 43 41 33 36 10 42 36 43 30 30 1 9 2 6 8 39 9 21 30
split_gain=0.555564 0.300048 0.570297 0.529373 0.287429 0.304625 0.300271 0.296845 0.445203 0.288162 0.235294 0.222426 0.182354 0.181295 0.209373 0.207624 0.169644 0.152163 0.202494 0.177978 0.203513 0.176451 0.241067 0.18135 0.287675 0.389345 0.220454 0.167589 0.207702 0.344644 0.169717 0.167887 0.206203 0.16231 0.166023 0.187187 0.581605 0.190479 0.18511 0.233507 0.181042 0.203167 0.166783 0.219556 0.155166 0.154525 0.154131 0.14671 0.139047 0.137232 0.134783 0.186445 0.134193 0.197358 0.130063 0.128331 0.135523 0.148744 0.16117 0.145208 0.139631 0.135101
threshold=-0.10254577174782752 0.5067843794822694 -0.22154650837182996 0.96975186467170726 0.11949263885617258 0.74450510740280162 1.0000000180025095e-35 0.47817875444889074 0.73178943991661083 -0.58534491062164296 0.87288585305213939 -0.71078795194625843 5.1503376960754403 0.91933783888816845 0.24117784202098849 0.08849289640784265 0.034471930935978896 -0.04840548895299434 0.057665295898914344 1.2219011783599856 0.31386442482471472 0.36626735329627996 0.074280921369791045 -0.15385441482067105 -0.027952781878411766 0.099036958068609252 0.23492036014795306 0.024561800993978981 -0.27863441407680506 -0.20845330506563184 0.13752539455890658 0.043455293402075774 0.22318728268146518 -0.010375444311648606 0.089682146906852736 0.26597224175930029 -0.11022333800792693 0.20048604905605319 0.40396195650100714 0.30839806795120245 0.0039709303528070459 0.013976824935525657 0.69497373700141918 0.29829198122024542 0.35000000894069677 0.45423850417137152 -0.31672528386116022 0.013821355998516084 0.37500000000000006 0.16214017570018771 0.17757527530193332 -0.098522525280714021 1.6202574968338015 0.025499052368104461 0.019693880341947082 0.015914439223706726 0.012402455322444441 0.046230414882302291 0.0077526387758553037 0.024910424835979942 0.043386189267039306 -0.30151781439781183
decision_type=2 2 2 2 2 2 2 2 2 2 2 2 2 2 2 2 2 2 2 2 2 2 2 2 2 2 2 2 2 2 2 2 2 2 2 2 2 2 2 2 2 2 2 2 2 2 2 2 2 2 2 2 2 2 2 2 2 2 2 2 2 2
left_child=1 2 -1 -3 6 -6 7 8 16 -8 11 -11 17 15 -15 52 -2 18 19 20 21 22 23 24 25 -13 44 28 31 30 -30 -19 -33 55 35 37 -37 38 46 -40 -41 -42 -38 -44 50 -20 -35 -39 -28 -34 -25 -52 -12 -54 -4 56 57 58 60 61 -31 -58
right_child=4 3 54 -5 5 -7 9 -9 -10 10 13 12 -14 14 -16 -17 -18 27 45 -21 -22 -23 -24 26 -26 -27 48 -29 29 33 -32 32 49 34 -36 36 42 47 39 40 41 -43 43 -45 -46 -47 -48 -49 -50 -51 51 -53 53 -55 -56 -57 59 -59 -60 -61 -62 -63
leaf_value=0.0061093548639763982 0.0034023029966012454 -0.0035765403378197657 -0.00082876575834940646 0.0029408260712512121 0 -0.0041470590787751312 -0.0034753502775676363 -0.0002332761830026695 0.0058175414100523808 0.0023099334560675064 0.0010883856892123867 0.00034021790948832414 -0.0021759256390320911 0.0020173336329200298 -0.0012692598314251035 0.0033213644322307775 0 -0.0010900557027574539 0.00239500559432097 0.0013055986895323388 -0.0018845812094178864 0.0026903510047664304 -0.0033788870964752572 0.00013551650970319056 -0.00079102720361269227 0.0042240016887867783 0 0.0025008113667400193 0.0034354702092064212 -0.0008025904902195576 0.00048698722885495672 0.0027766239190569674 0.0018050329877078775 -0.00082568421584967063 -0.0017942657586547874 0.0059154882824150939 -0.00053138793909382617 0.0015160380411210633 -0.00036061934472450454 5.575331757172523e-05 0.00013617080231137718 0.0024813755321592326 -0.00015290561445182614 0.0036243415642397622 -0.00035937036845288259 0 0.00048863770822650662 -0.00081541121206780065 -0.0013880700945058571 -0.00062568821931022374 0.0019100047846533439 4.0905864893139409e-05 -0.0018520288184832483 0.0016207918647072864 0.0019573845401342697 -0.0011055656493892728 -0.00020128787351604731 0.0012489754679301482 -0.0032688878695887416 -0.00099964408705036263 -0.00013918635117164449 0.0014669608431457217
leaf_weight=91 50 58 51 66 81 86 60 158 71 98 601 181 102 60 198 95 135 979 176 291 134 64 50 1504 126 116 267 59 98 1288 146 58 61 229 126 54 210 65 3449 1628 232 186 59 70 935 77 2777 993 425 529 307 286 105 61 113 515 158 130 51 124 2380 316
leaf_count=91 50 58 51 66 81 86 60 158 71 98 601 181 102 60 198 95 135 979 176 291 134 64 50 1504 126 116 267 59 98 1288 146 58 61 229 126 54 210 65 3449 1628 232 186 59 70 935 77 2777 993 425 529 307 286 105 61 113 515 158 130 51 124 2380 316
internal_value=1.12761e-05 0.00190995 0.00289036 0 -1.78625e-05 -0.00208201 -2.22118e-06 0.00133053 0.00239174 -2.70146e-05 -1.69568e-05 -5.38294e-05 -6.55417e-05 0.000688304 -0.0004058 0.0010448 0.000930062 -5.4526e-05 0.000187685 0.000107474 2.23169e-05 8.83656e-05 4.24163e-05 9.00967e-05 0.0010715 0.0019457 -1.47952e-05 -0.000126496 -0.000137215 -7.81795e-05 0.00177807 -0.000676233 -1.21201e-05 -0.000110014 2.79216e-06 2.81452e-05 0.00109773 -1.32684e-05 6.2809e-05 -0.000106219 0.000310398 0.00124119 0.000249075 0.00170979 0.000162157 0.00157157 0.000380075 -0.000647908 -0.000825768 -0.000330724 0.000406642 0.00105147 0.000728278 -0.000424687 0.000939099 -0.000344144 -0.000250229 -0.0003626 -0.000425815 0.000430966 -0.00037903 0.000858565
internal_weight=24249 379 255 124 23870 167 23703 414 256 23289 23229 22109 22011 1120 258 862 185 21909 4939 4686 4395 4261 4197 4147 423 297 3724 16970 16911 15284 244 1627 648 15040 10078 9952 393 9559 8501 5495 2046 418 339 129 3032 253 3006 1058 692 590 2097 593 767 166 164 4962 4447 3849 3719 598 3668 474
internal_count=24249 379 255 124 23870 167 23703 414 256 23289 23229 22109 22011 1120 258 862 185 21909 4939 4686 4395 4261 4197 4147 423 297 3724 16970 16911 15284 244 1627 648 15040 10078 9952 393 9559 8501 5495 2046 418 339 129 3032 253 3006 1058 692 590 2097 593 767 166 164 4962 4447 3849 3719 598 3668 474
is_linear=0
shrinkage=0.05


Tree=27
num_leaves=63
num_cat=0
split_feature=26 11 36 26 15 36 29 39 36 21 10 34 36 28 10 10 34 31 30 25 7 30 30 26 11 25 43 33 9 39 10 39 29 10 39 4 30 4 37 25 37 15 25 34 32 28 29 36 26 10 3 30 4 10 44 30 33 27 6 4 9 34
split_gain=0.312767 0.321797 0.413958 0.355789 0.284809 0.28266 0.263105 0.580346 0.24097 0.237441 0.227603 0.232582 0.266689 0.257191 0.223756 0.357724 0.291958 0.21894 0.194363 0.279355 0.197443 0.192411 0.223552 0.189311 0.293264 0.188241 0.182587 0.179658 0.159433 0.254365 0.164835 0.156198 0.176506 0.162189 0.150634 0.128643 0.207695 0.138204 0.130133 0.125581 0.12528 0.124225 0.120013 0.36446 0.118518 0.111816 0.11047 0.110358 0.108824 0.153278 0.114492 0.133616 0.248467 0.346025 0.148134 0.202251 0.138771 0.141759 0.146423 0.227411 0.191268 0.25987
threshold=-0.58534491062164296 0.081762049347162261 0.2340006157755852 -0.27863441407680506 0.11117053031921388 0.87288585305213939 0.62047925591468822 -0.083633493632078157 0.20554234087467196 0.0075084923300892123 0.014884374104440214 0.95471161603927623 0.7895621955394746 0.98140844702720653 0.11189390718936922 0.053369123488664634 0.57181343436241161 -0.13960781693458554 -0.56295803189277638 0.6022135615348817 -0.074399322271347032 2.1460429430007939 1.1044813990592959 -0.15035136789083478 0.02168709505349398 0.36788509786129003 0.38513000309467321 1.60167533159256 0.019831939600408081 0.038282811641693122 0.039375139400362975 0.019253822974860672 0.25791370868682867 0.059047434478998191 0.08849289640784265 0.25177054107189184 0.022014392539858822 0.29676945507526403 0.053015084937214858 0.059641074389219291 0.014442930929362776 0.070331726223230376 0.028993913903832439 0.75078883767128002 -0.35904312133789057 0.11040806397795679 -0.39317028224468226 0.26190799474716192 -0.25297228991985315 0.025402457453310493 0.15733773261308673 2.7573246955871586 0.079340923577547087 0.040488852187991149 0.007225404493510724 0.49019183218479162 0.9884854555130006 -0.42436194419860834 0.013614086434245111 -0.16362711787223813 0.014006532263010742 0.72941154241561901
decision_type=2 2 2 2 2 2 2 2 2 2 2 2 2 2 2 2 2 2 2 2 2 2 2 2 2 2 2 2 2 2 2 2 2 2 2 2 2 2 2 2 2 2 2 2 2 2 2 2 2 2 2 2 2 2 2 2 2 2 2 2 2 2
left_child=8 3 6 4 27 14 7 -3 -1 10 -5 12 13 42 15 28 21 -9 19 20 -11 22 26 24 -22 -19 -17 31 29 -4 -30 32 33 40 -7 38 -37 -38 48 45 46 -18 43 -12 -25 47 -2 -33 49 -20 51 54 53 -53 56 -56 57 -50 -59 -60 -61 -62
right_child=1 2 5 9 -6 34 -8 17 -10 18 11 -13 -14 -15 -16 16 41 25 35 -21 23 -23 -24 44 -26 -27 -28 -29 30 -31 -32 39 -34 -35 -36 36 37 -39 -40 -41 -42 -43 -44 -45 -46 -47 -48 -49 50 -51 -52 52 -54 -55 55 -57 -58 58 59 60 61 -63
leaf_value=0 -0.0011516165573690043 0.0076528862958435808 -0.0012232839651394112 -0.00017946348611073924 -0.0038769085481241868 0.00040012077210911261 -0.00050830994804873487 0 -0.0052368985687262651 0.0028005999910960867 0 -0.0011428346180051164 0.0041954654505526696 -0.0020818549751230324 -0.0022651201139928566 -0.00011570216802349926 -0.0012448444189635899 0.0049077665514200399 0.0025049617542379399 0.0042704061582431339 0.0046738054857537919 0 0.0053809976251440426 -0.0019176853262262462 0.00022279992834240174 0.00088301458212575233 0.0030349625456900569 0.0018365710392512762 -0.0001577601751921871 0.0029947731281318832 -0.0030166713547045265 0 0.0021549237020258424 0.001819414276353739 0.0028575426630578853 -0.001831992129577444 -0.00074380620951157049 0.0017319771431925928 0.0013506096774304574 -0.0017394081595974273 -0.0018231412570299305 0.0012408936791550771 0.00097143425336638904 0.0062025496513135551 3.1546096941268807e-05 0.00049220740869582917 0.00028706570890913639 -0.0023657018090036687 -0.0006148429590705169 0 -0.00086527463820870688 0.0057680677072632879 -0.00078632421740568691 0 0.0031809175137261104 0 -0.00075759977445657447 -8.4056370918843176e-05 0.0017077056228404143 0.00066751058100783739 -0.00097412115114997762 0.00043010548800324769
leaf_weight=50 209 52 99 391 71 170 64 121 50 81 58 76 92 50 112 68 146 70 98 51 55 80 65 85 153 82 86 68 113 54 133 70 70 67 134 263 136 91 164 470 183 69 372 50 658 159 324 99 1044 166 449 52 68 57 82 93 736 12262 271 1042 630 663
leaf_count=50 209 52 99 391 71 170 64 121 50 81 58 76 92 50 112 68 146 70 98 51 55 80 65 85 153 82 86 68 113 54 133 70 70 67 134 263 136 91 164 470 183 69 372 50 658 159 324 99 1044 166 449 52 68 57 82 93 736 12262 271 1042 630 663
internal_value=-6.51265e-06 4.0825e-06 0.000664333 -4.56115e-05 -0.000721826 0.000222969 0.00210583 0.0026974 -0.00279043 1.21204e-05 0.000731242 0.00127695 0.00161345 0.0011146 -0.000152241 8.0682e-05 0.00097733 0.00164983 -2.68754e-05 0.000621672 0.000415163 0.00199988 0.00276562 0.000184348 0.00152804 0.00291047 0.00148608 -0.000575883 -0.0010116 0.000107481 -0.00180784 -0.000690909 -0.000185032 -0.000427373 0.00156834 -6.64937e-05 -0.00086806 0.000140424 -4.3101e-05 -0.00119989 -0.000673632 -0.000330058 0.00150141 0.00308358 -0.000158963 -0.000349222 -0.000230761 -0.00128747 -5.74541e-05 0.000942337 -7.40401e-05 -5.16468e-05 0.00130617 0.00283753 -6.74572e-05 0.00136944 -8.41039e-05 -5.13578e-05 -1.00903e-05 0.0003283 0.00015717 -0.000234873
internal_weight=24147 24047 1718 22329 1790 1329 389 325 100 20539 1089 698 622 530 1025 913 514 273 19450 1083 1032 299 219 951 208 152 154 1719 399 153 246 1651 853 783 304 18367 490 227 17877 798 716 215 480 108 743 328 533 169 17713 264 17449 17000 177 109 16823 175 16648 15912 14868 2606 2335 1293
internal_count=24147 24047 1718 22329 1790 1329 389 325 100 20539 1089 698 622 530 1025 913 514 273 19450 1083 1032 299 219 951 208 152 154 1719 399 153 246 1651 853 783 304 18367 490 227 17877 798 716 215 480 108 743 328 533 169 17713 264 17449 17000 177 109 16823 175 16648 15912 14868 2606 2335 1293
is_linear=0
shrinkage=0.05


Tree=28
num_leaves=63
num_cat=0
split_feature=3 35 26 23 38 24 42 35 34 8 39 39 3 39 30 25 26 8 10 34 30 38 26 23 9 43 36 29 3 26 30 9 23 38 42 36 43 22 41 6 35 27 35 11 22 22 26 25 8 30 9 30 39 25 25 2 17 29 2 10 40 35
split_gain=0.451678 0.545324 0.39157 0.350108 0.352645 0.259651 0.799663 0.860609 0.428371 0.378235 0.500569 0.266278 0.214889 0.212505 0.204559 0.214167 0.219836 0.200666 0.195508 0.244116 0.291189 0.193754 0.276627 0.172335 0.202296 0.347119 0.300396 0.236153 0.218351 0.163251 0.245792 0.206317 0.281358 0.229822 0.231517 0.204241 0.234415 0.201917 0.181241 0.233455 0.173834 0.163095 0.160489 0.157649 0.197923 0.156663 0.146663 0.146483 0.146341 0.195074 0.1463 0.239036 0.207982 0.570675 0.203815 0.170547 0.155014 0.145151 0.22459 0.172856 0.14215 0.137172
threshold=-0.19391398131847379 -0.43739275634288782 -0.30896617472171778 0.47933958470821386 -0.11123499274253844 -0.17148561030626294 0.47499999403953558 0.78850185871124279 0.55586883425712597 0.079139009118080153 0.028683717362582687 -0.029327686876058575 0.35558056831359869 0.082433264702558531 -0.55455258488655079 0.57557797431945812 -0.013842427637428044 0.26749835908412939 0.057794710621237762 0.42085823416709905 2.1460429430007939 0.013573023024946453 -0.48231132328510279 0.020317024551332 0.021545546129345897 0.16272492706775668 0.38719536364078527 0.07685431465506555 0.10693607479333879 -0.18385685980319974 -0.33457529544830317 0.043923659250140197 0.29353436827659612 -0.052948214113712304 0.42499999701976782 0.7751576602458955 0.1756052449345589 -0.073079265654087053 0.65000000596046459 0.04266954958438874 0.86098605394363414 1.1237463355064394 0.6261713206768037 0.035448478534817703 -0.069330934435129152 -0.041622994467616074 -0.046562019735574715 0.10193861648440362 -0.05220546014606952 -0.014185424894094465 0.01658539287745953 0.37590092420578008 -0.0016698468825779853 0.051175346598029144 0.14521615207195285 0.012054004706442358 0.0011226495844312014 1.697921931743622 0.16944944113492968 0.023369996808469299 68.319908142089858 0.57963183522224437
decision_type=2 2 2 2 2 2 2 2 2 2 2 2 2 2 2 2 2 2 2 2 2 2 2 2 2 2 2 2 2 2 2 2 2 2 2 2 2 2 2 2 2 2 2 2 2 2 2 2 2 2 2 2 2 2 2 2 2 2 2 2 2 2
left_child=1 -1 12 4 -3 6 7 11 9 10 -8 -4 21 57 15 16 42 -14 -19 20 -20 -2 -23 24 46 26 -26 -28 -29 30 -25 32 35 -33 -35 38 -37 47 39 41 -38 45 43 44 -7 50 -16 -32 -40 -50 51 52 53 -31 -53 -55 -57 58 59 -10 -13 -39
right_child=2 3 5 -5 -6 14 8 -9 13 -11 -12 60 17 -15 23 -17 -18 18 19 -21 -22 22 -24 29 25 -27 27 28 -30 31 37 33 -34 34 -36 36 40 61 48 -41 -42 -43 -44 -45 -46 -47 -48 -49 49 -51 -52 54 -54 55 -56 56 -58 -59 -60 -61 -62 -63
leaf_value=0.0049126740172264101 -0.00019594103339997803 0.0045424534917453963 0.0042521863705524713 -0.0024429441364547176 0.00035146658126380026 0.0037926972185676104 0 0.0072573734499847874 0.00070385813677384368 8.9617785375037119e-05 0.005793252952478966 -0.001112054548214384 -0.0022091253368731207 0.0017317030029438383 -7.5150712999302696e-06 0.0037553035680239449 0.0029210715932143335 0.0026869860709175459 0.0039562869723546359 -0.0012686718935161526 -0.00036712588563146036 -0.0042263845582035066 -0.0011174589968661456 -0.0016341478861532652 0 -0.0012500769192181332 0.0059672815277879163 0.00042632952632589474 0.0047087238302758651 0.0064630400233828267 -0.00022548290718763095 0.0028232611747502061 -0.001947471890554041 -0.0012937879997114994 0.001555793565549109 -6.3797120014321614e-05 0.0015156926665214131 0.00057601505215082579 0.0029313712565805419 -0.0015638638113485287 0 -0.0011066183535541174 -0.00076338343682826992 -0.0004920092761684134 0.00065855317517801845 -0.00020039224191901472 0.0020883696727812223 -0.0018008932277442853 0.0018653033068640494 -0.0010961503318651731 -0.00019436692371351981 3.184295948483937e-05 1.5238847661695591e-07 0.00032296169942140797 -0.0024597349526022118 0.0030474509013410991 0.00067841527121411088 -0.0028951993121751653 0.0011046718515835402 -0.0018618537887212614 0.0020086802808124112 -0.00041120564426472858
leaf_weight=96 563 69 50 71 242 61 73 86 68 290 86 96 68 69 1360 53 84 93 68 159 69 86 899 400 89 85 63 112 50 50 373 128 199 129 152 968 596 708 81 290 243 408 284 218 563 8245 87 301 107 107 1292 262 631 590 108 151 193 100 120 294 58 682
leaf_count=96 563 69 50 71 242 61 73 86 68 290 86 96 68 69 1360 53 84 93 68 159 69 86 899 400 89 85 63 112 50 50 373 128 199 129 152 968 596 708 81 290 243 408 284 218 563 8245 87 301 107 107 1292 262 631 590 108 151 193 100 120 294 58 682
internal_value=-4.00736e-06 0.00151585 -3.54842e-05 0.000591531 0.00136736 2.46687e-05 0.000686364 0.00302132 4.69758e-05 0.00125539 0.00321797 0.0010999 -0.000704614 -0.000748431 -1.89872e-05 0.000595487 0.000434936 0.000203378 0.00069158 0 0.00160357 -0.000988795 -0.00141627 -6.06379e-05 0.000395706 0.00139715 0.0021941 0.00316929 0.00191232 -0.000110516 -0.00048862 -4.64264e-05 -7.92391e-05 0.00105617 0.000158838 -5.1468e-05 0.000442346 -0.000254167 -0.000124781 -0.000156154 0.00105578 -0.000119775 0.000226062 0.000589723 0.00100776 -8.26145e-05 0.000101905 -0.000966919 0.00108829 0.000268923 0.000206074 0.000479289 0.000749087 0.00120371 -0.00063029 0.000892104 0.00179379 -0.00108662 -0.000656971 -0.00131063 0 7.36849e-05
internal_weight=24376 478 23898 382 311 21893 1390 290 1100 449 159 204 2005 651 20503 1263 1210 457 389 296 137 1548 985 19240 1846 399 314 225 162 17394 2464 14930 14521 409 281 14322 1807 2064 12515 12220 839 11930 1126 842 624 11522 1447 674 295 214 3277 1985 1615 984 370 934 344 582 482 362 154 1390
internal_count=24376 478 23898 382 311 21893 1390 290 1100 449 159 204 2005 651 20503 1263 1210 457 389 296 137 1548 985 19240 1846 399 314 225 162 17394 2464 14930 14521 409 281 14322 1807 2064 12515 12220 839 11930 1126 842 624 11522 1447 674 295 214 3277 1985 1615 984 370 934 344 582 482 362 154 1390
is_linear=0
shrinkage=0.05


Tree=29
num_leaves=63
num_cat=0
split_feature=4 38 44 8 31 43 34 43 8 21 9 4 29 23 25 7 8 38 35 10 40 26 43 25 43 10 8 40 25 25 29 35 4 34 20 39 29 31 22 10 35 21 44 34 22 27 31 40 9 8 4 29 4 19 21 9 29 40 35 40 5 26
split_gain=0.370957 0.279199 0.3189 0.350309 0.286944 0.242316 0.330118 0.256574 0.172511 0.170993 0.174795 0.199684 0.199598 0.165819 0.179308 0.297768 0.212985 0.29114 0.28713 0.250011 0.342087 0.202353 0.17819 0.529289 0.953721 0.99104 0.198473 0.623246 0.379958 0.250393 0.231066 0.197949 0.325087 0.184436 0.213614 0.176147 0.187079 0.165793 0.165579 0.165365 0.157894 0.15544 0.153095 0.149977 0.143836 0.196115 0.379167 0.138063 0.135652 0.134204 0.184407 0.133207 0.132999 0.12575 0.25886 0.121696 0.118748 0.160934 0.149806 0.114852 0.106444 0.10445
threshold=0.46826477348804479 -0.10254577174782752 -0.013659521006047724 -0.13505081832408902 -0.17051522433757779 0.3785263746976853 0.2815717905759812 0.46651785075664526 -0.23147377371788022 0.01389766810461879 0.0077624006662517795 -0.32105299830436701 -0.082769267261028276 0.14214833080768588 0.46863195300102239 -0.10259604081511496 -0.15385441482067105 -0.048186717554926865 0.72681480646133434 0.029580838978290561 58.625064849853523 -0.14795511215925214 0.087925896048545851 0.093901764601469054 0.076619707047939314 0.015019291546195747 -0.05220546014606952 64.158847808837905 0.45819489657878881 0.21059314161539081 -0.090030442923307405 0.18408923596143725 0.0052321802359074363 0.94503116607666027 -0.12410957366228102 -0.032501779496669762 0.10596862435340883 0.19322281330823901 -0.067280225455760942 0.043455293402075774 -0.38539686799049372 0.15509255975484851 -0.0043559728655964127 0.69940549135208141 -0.065130077302455888 -0.03599856793880462 0.22250804305076602 70.737030029296889 0.03921214863657952 -0.0252919178456068 -0.15572310984134671 -0.50359725952148426 0.72096338868141185 0.039770374074578292 0.032145880162715919 0.040037114173173911 0.490572139620781 78.007091522216811 0.7548329532146455 13.598837375640871 0.0029289665399119262 -0.18856833130121228
decision_type=2 2 2 2 2 2 2 2 2 2 2 2 2 2 2 2 2 2 2 2 2 2 2 2 2 2 2 2 2 2 2 2 2 2 2 2 2 2 2 2 2 2 2 2 2 2 2 2 2 2 2 2 2 2 2 2 2 2 2 2 2 2
left_child=1 2 -1 4 -4 52 7 -7 -3 44 42 12 -12 22 16 -16 17 40 39 21 -21 -20 23 24 31 43 27 35 29 33 -31 32 -13 -28 -35 36 -24 55 -37 41 -15 59 49 -26 45 46 61 -32 -6 50 -11 -17 -2 54 -36 -8 -47 58 -58 -18 -54 -10
right_child=5 8 3 -5 48 6 37 -9 9 10 11 13 -14 14 15 51 18 -19 19 20 -22 -23 26 -25 25 -27 28 -29 -30 30 47 -33 -34 34 53 38 -38 -39 -40 -41 -42 -43 -44 -45 -46 56 -48 -49 -50 -51 -52 -53 60 -55 -56 -57 57 -59 -60 -61 -62 -63
leaf_value=-0.0015607003140842629 -0.00098015227752171197 0.0023553505216274157 0.0064907337858919863 0 0.00012473354916532639 0.0040981064006236608 0.0012906192070535278 0 -1.9182881696485022e-05 0 -0.0030131595279199418 0.0048210112165917862 0 0.00065806019714037924 0.0018323819025539319 0.00040208007958148894 -0.0021356115020467964 -0.00073976455078511615 0.00016328057097153692 0 0.0023418472945750616 0.0043523290020094285 0.00012179126834294904 -0.00028341420354846753 0.0029091164769947924 0.0087171315641678647 -0.00023299839225155531 0.0050171964023158783 0.0038622743692374919 -2.1601141514679361e-05 -0.0019914973671709807 -0.0007265910195513001 -0.00049105330810093753 0.0033348079004608998 -0.00013396977225825938 -0.0012050518122431869 0.0032762713709781686 -0.0032597589210607114 0.00014735583225887626 -0.00059410531578822211 0.004175102827218214 0.0017294511203449642 -0.00024205607391104521 -0.00031015562994087935 0 0.00067294894328351882 0.005336930724792183 0.00025812823826487625 0.0038485992539366619 0.00052375549953062052 -0.002935548836047781 -0.0018364187379215657 -0.0044582786824527787 -0.0005553777108123014 0.0030551735352989211 -0.0014116548764191142 0 0.00074594962694660627 -0.0029342046958775111 0.00022673773255723687 -0.0013739573651489676 0.0015738896982572777
leaf_weight=64 489 79 60 116 76 72 73 66 129 79 106 50 92 72 89 65 51 63 59 544 219 99 139 794 66 82 6543 67 55 374 484 230 50 70 139 253 88 62 2110 691 110 176 3243 53 1224 737 62 57 51 50 163 276 70 205 99 91 72 121 90 1802 106 237
leaf_count=64 489 79 60 116 76 72 73 66 129 79 106 50 92 72 89 65 51 63 59 544 219 99 139 794 66 82 6543 67 55 374 484 230 50 70 139 253 88 62 2110 691 110 176 3243 53 1224 737 62 57 51 50 163 276 70 205 99 91 72 121 90 1802 106 237
internal_value=8.58278e-06 5.08604e-05 0.00141943 0.0021328 0.00346898 -0.000918867 5.33491e-05 0.00203961 2.77123e-05 1.84705e-05 -3.0433e-05 3.64775e-05 -0.00153536 5.71209e-05 0.000323512 -0.00062122 0.000434549 0.00188221 0.000330027 0.00109458 0.000675684 0.00295124 -3.65549e-05 0.000507007 0.00173511 0.00444678 -0.000106333 0.000263825 -0.000231997 -0.000263624 -0.00104656 3.58137e-06 0.00192699 -0.000158485 0.000742502 0.000130266 0.00145908 -0.00105095 0 6.1803e-05 0.00292635 0.00029759 -0.000350194 0.00127082 0.00039485 0.000732052 0.00164498 -0.00170829 0.00182545 -0.00146326 -0.00197712 -0.00133656 -0.00148823 0.000273215 0.00109141 -5.65709e-05 0.000323865 -0.000496634 -0.00157802 0.000147672 -0.00275147 0.000944924
internal_weight=24204 23175 367 303 187 1029 364 138 22808 22729 20057 16522 198 16324 4316 430 3886 245 3641 921 763 158 12008 1325 531 201 10683 2657 8026 7971 915 330 100 7056 513 2590 227 226 2363 2720 182 2029 3535 119 2672 1448 428 541 127 292 242 341 665 443 238 164 1020 283 162 1853 176 366
internal_count=24204 23175 367 303 187 1029 364 138 22808 22729 20057 16522 198 16324 4316 430 3886 245 3641 921 763 158 12008 1325 531 201 10683 2657 8026 7971 915 330 100 7056 513 2590 227 226 2363 2720 182 2029 3535 119 2672 1448 428 541 127 292 242 341 665 443 238 164 1020 283 162 1853 176 366
is_linear=0
shrinkage=0.05


Tree=30
num_leaves=63
num_cat=0
split_feature=26 8 29 30 15 38 29 4 29 11 36 30 24 44 26 8 4 38 30 11 41 42 43 25 9 36 42 26 24 42 20 8 40 25 36 24 38 40 22 25 8 36 25 25 28 4 42 14 26 44 26 23 25 36 27 7 13 36 36 29 15 43
split_gain=0.350143 0.342195 0.506264 0.689548 0.200752 0.196907 0.202187 0.178719 0.263753 0.25891 0.384127 0.304902 0.622854 1.1719 0.248417 0.231555 0.181458 0.171072 0.213364 0.202885 0.228575 0.217338 0.173051 0.265582 0.200969 0.185756 0.262561 0.199586 0.214848 0.2419 0.227865 0.221968 0.235641 0.180645 1.10826 0.170461 0.167367 0.161585 0.155536 0.155379 0.146177 0.141778 0.143772 0.138676 0.151773 0.166591 0.137435 0.143755 0.146498 0.207102 0.237429 0.136614 0.129345 0.124899 0.122528 0.122274 0.121175 0.12111 0.120766 0.20214 0.118686 0.164242
threshold=-0.58534491062164296 -0.23147377371788022 0.54259765148162853 0.066065110266208663 0.11949263885617258 0.19176291674375537 5.7910320758819589 -0.022061573341488835 2.2618470191955571 0.097016993910074248 0.7346448302268983 0.38628971576690679 -0.16917795687913892 0.0022472859127447013 -0.10576509684324263 -0.085746284574270235 -0.34029336273670191 -0.058351736515760415 -0.53051227331161488 0.042524231597781188 0.55000001192092907 0.52500000596046459 0.11479977145791055 0.34846410155296331 0.014415042474865915 0.19371625781059268 0.52500000596046459 -0.139508381485939 -0.027169299311935898 0.42499999701976782 -0.044689362868666642 -0.039575815200805657 41.188236236572273 0.080876164138317122 0.2340006157755852 -0.11952422559261321 -0.013587362598627804 76.75714492797853 -0.080900404602289186 0.21526600420475009 -0.059461846947669976 0.26190799474716192 0.32742506265640264 0.14882974326610568 -0.11454439535737036 -0.11839650571346282 0.27500000596046453 0.56152367591857921 -0.20390758663415906 0.015955776907503608 -0.34707818925380701 0.10760635882616044 0.23446626216173175 0.66113024950027477 -0.010581147391349075 -0.022551117464900013 -0.0078926603309810144 0.66817960143089306 -0.40458376705646509 0.44205178320407873 0.041080752387642867 0.211807556450367
decision_type=2 2 2 2 2 2 2 2 2 2 2 2 2 2 2 2 2 2 2 2 2 2 2 2 2 2 2 2 2 2 2 2 2 2 2 2 2 2 2 2 2 2 2 2 2 2 2 2 2 2 2 2 2 2 2 2 2 2 2 2 2 2
left_child=-1 2 3 -2 5 6 7 8 9 11 14 12 13 -3 -11 -9 -14 18 -18 22 21 -21 33 25 36 35 27 -27 29 31 39 32 -29 34 -19 -24 -25 -7 -13 -31 -22 42 55 -30 45 54 -17 -48 49 -49 -51 -6 -15 -35 -45 -40 -34 -28 59 -20 61 -60
right_child=1 4 -4 -5 51 37 -8 15 -10 10 -12 38 16 52 -16 46 17 19 58 20 40 -23 23 24 -26 26 57 28 43 30 -32 -33 56 53 -36 -37 -38 -39 41 -41 -42 -43 -44 44 -46 -47 47 48 -50 50 -52 -53 -54 -55 -56 -57 -58 -59 60 -61 -62 -63
leaf_value=-0.0029048924869147881 0.00020493123111558844 0.009541010317769584 -0.0017940416528686586 0.0077472910466717506 -0.0033289101813990772 0 -0.0028316243247129024 -0.0015726972159398633 0.0031442248704686964 0.0058568108047163774 -0.0008804501865857415 -0.0014201316437027376 -0.0018335282351669953 0.0020695397921926565 0.00095394990312608558 -0.0011649968348636315 0.0034804953231774519 0.007017676271388204 0.0038999664030016814 -0.0010022619310779493 0.0026015265562704636 0.0021520117858085329 -0.0023851372269037235 -0.00020803063758797802 -0.0012097344557214008 -0.00087492957217421858 0.0034677708595948309 0.0010327804057223716 -0.0012608464618557198 0.0032570194815182024 -0.00036006226570306732 0.00059853464505330478 0.0055929546706904839 -5.0581410068165678e-05 -0.00025264413429921796 0.00027420309465151741 0.0022875014181576066 0.0037122572967711524 -0.0012206915978709367 0 -0.00019012946441179985 -0.00056440805534402675 0.0025298717863587363 0.0048268806795110399 -0.00026143733845488667 0.00027296183104639186 0.00010085995147667444 -0.00075878099090691872 -3.7864317435460976e-05 -0.00015347449565548209 0.003519652966349348 0 -0.0013508454713876438 -0.0011607342210772913 0.00079233578952643709 0.0011156014112187588 0.0021373914749121133 0.00082348743512673122 0.0013273543391252693 0 0.0013311257499401723 -0.00088398842525574863
leaf_weight=102 74 51 50 61 75 52 62 267 74 64 66 386 110 52 68 286 76 63 66 915 87 53 63 195 375 165 149 119 126 94 264 176 101 2708 269 962 92 65 104 52 69 868 77 51 258 188 6704 1789 3378 115 61 72 54 287 59 120 76 103 114 51 177 285
leaf_count=102 74 51 50 61 75 52 62 267 74 64 66 386 110 52 68 286 76 63 66 915 87 53 63 195 375 165 149 119 126 94 264 176 101 2708 269 962 92 65 104 52 69 868 77 51 258 188 6704 1789 3378 115 61 72 54 287 59 120 76 103 114 51 177 285
internal_value=9.39141e-06 2.2827e-05 0.00216241 0.00381347 5.18037e-06 1.76377e-05 6.42999e-06 1.50116e-05 0.000163378 0.00014072 0.00193733 0.000105083 0.000216987 0.00334217 0.0035329 -0.00011232 0.000159497 0.000187078 0.000904475 0.000115998 -0.000500683 -0.000802724 0.000218693 0.000456056 -0.00042767 0.000659029 0.000943178 0.000702656 0.000885296 0.00140503 0.00043773 0.00219101 0.00305097 -3.55149e-05 0.00106026 8.52894e-05 0.000507561 0.00206012 -0.000537536 0.00204727 0.00121035 -0.000224246 0.000673077 0.000175975 0.00054735 0.00133059 -7.86141e-05 -5.07006e-05 -0.000245538 -0.000589726 0.000984319 -0.00183216 9.41762e-05 -0.000165485 0.00290252 0 0.00426026 0.00248975 0.000583613 0.00207538 0.000235695 -0.000188727
internal_weight=24195 24093 185 135 23908 23761 23644 23582 10982 10908 198 10710 9155 157 132 12600 8998 8888 769 8119 1124 968 6995 3668 662 3006 1981 1729 1564 882 410 472 296 3327 332 1025 287 117 1555 146 156 1169 301 682 556 298 12333 12047 5343 1965 176 147 106 2995 110 224 177 252 693 117 576 399
internal_count=24195 24093 185 135 23908 23761 23644 23582 10982 10908 198 10710 9155 157 132 12600 8998 8888 769 8119 1124 968 6995 3668 662 3006 1981 1729 1564 882 410 472 296 3327 332 1025 287 117 1555 146 156 1169 301 682 556 298 12333 12047 5343 1965 176 147 106 2995 110 224 177 252 693 117 576 399
is_linear=0
shrinkage=0.05


Tree=31
num_leaves=63
num_cat=0
split_feature=4 36 3 11 28 2 43 25 36 16 16 36 40 30 15 39 11 12 13 33 21 17 32 0 9 11 11 42 25 32 11 31 40 30 3 31 0 11 30 42 4 2 32 32 43 4 25 36 3 43 30 9 25 37 4 30 33 15 12 4 40 9
split_gain=0.307193 0.305084 0.269948 0.254902 0.213682 0.237461 0.243347 0.319923 0.413148 0.171326 0.179438 0.182692 0.358094 0.558644 0.235367 0.226244 0.166029 0.161307 0.137968 0.222987 0.248027 0.236215 0.136057 0.133628 0.127335 0.184992 0.17467 0.192369 0.131176 0.126394 0.125367 0.123811 0.163942 0.120592 0.118329 0.107874 0.174125 0.106753 0.12882 0.11035 0.162668 0.118619 0.145292 0.205368 0.132442 0.894855 0.169357 0.144747 0.120473 0.163176 0.220797 0.150485 0.23351 0.199591 0.171182 0.143066 0.172028 0.155172 0.122982 0.2427 0.120421 0.118754
threshold=0.72096338868141185 0.13326070457696917 -0.14915861189365384 0.11570072919130327 0.98140844702720653 -0.06911944597959517 0.36626735329627996 0.49107649922370916 0.18774512410163882 0.086426425725221648 0.081622477620840087 0.88432013988494884 65.122982025146499 0.15977571904659274 0.05898683704435826 0.054375866428017623 0.080553639680147185 0.03474498167634011 -0.038774590939283364 0.78286221623420726 0.0069204245228320369 0.0046889658551663169 1.1663472056388857 0.037321278825402267 0.043923659250140197 0.086092781275510802 0.050375685095787055 0.37500000000000006 0.076278973370790495 0.077778883278369917 0.087697863578796401 0.22839647531509402 54.056730270385749 -0.30151781439781183 0.011346446350216867 0.19873158633708957 -0.017117377370595929 0.11076678708195688 1.1044813990592959 0.27500000596046453 -0.044697970151901238 -0.039825532585382455 -0.15274028480052945 -0.14952145516872403 0.24382769316434863 -0.14670916646718976 0.21861910074949267 0.73780983686447155 0.092628214508295073 0.26847335696220404 1.0613260269165041 0.014936885796487333 0.091680150479078307 -0.01399882650002837 0.079340923577547087 -0.14365758746862409 -0.48437283933162684 0.031698813661932952 0.036590943112969405 0.04193475469946862 35.595724105834968 0.01868411805480719
decision_type=2 2 2 2 2 2 2 2 2 2 2 2 2 2 2 2 2 2 2 2 2 2 2 2 2 2 2 2 2 2 2 2 2 2 2 2 2 2 2 2 2 2 2 2 2 2 2 2 2 2 2 2 2 2 2 2 2 2 2 2 2 2
left_child=2 -2 4 34 5 6 30 -8 -9 10 11 18 14 -14 17 -15 -11 -13 19 20 21 -4 -21 37 26 -26 27 -22 -29 -17 35 -25 -33 -7 -3 36 -1 39 -39 40 -20 48 61 -44 -45 -46 -47 -48 49 51 -51 -41 -53 54 55 56 -54 -58 -55 -60 -59 -43
right_child=1 3 9 -5 -6 33 7 8 -10 16 -12 12 13 15 -16 29 -18 -19 23 22 24 -23 -24 31 25 -27 -28 28 -30 -31 -32 32 -34 -35 -36 -37 -38 38 -40 41 -42 42 43 44 45 46 47 -49 -50 50 -52 52 53 58 -56 -57 57 60 59 -61 -62 -63
leaf_value=0.0027845985661860153 0.0010195900835859321 -0.0010528908300055366 0.0046045883621984316 2.0383404121183011e-05 -0.002206162842700169 -0.0012896432037825028 0.0054542270838283009 0.0041129605000225361 -0.00064073972527053545 -0.0022756897051498799 0.0023419231685961202 -2.7573601881773969e-05 0.0068594604658270344 -0.00030370519460517576 -0.0028054271891121987 0.0004810169809919801 0.0005197816896868084 0.0027218438919727542 0 -0.0019603738735783842 0.0022488302572819959 0.00011352636827490269 -0.00027829371130964637 -0.00018321274596656489 -0.00021272503819013794 0.0033945387896771235 -0.0013356653625861787 0.0010706652796556577 -0.00093613073118091407 0.0038670944086476866 -0.0010582271670255522 0 0.0040008261304380699 0.00060619372413675684 -0.0040374898969272556 -0.00028748813514837353 0.0003433920513026302 -0.0030764056039974098 -6.1346215514356719e-05 -2.0677216381734666e-05 -0.0013966787794974817 -0.000107691077736471 0.0030070201574616939 4.0519771039367744e-06 0.0062094116607611938 -0.00036693555503258558 0 0.0034169069131836298 0.0014147807858030982 -0.001395969204058875 0.0009292765852754539 0.0039453072526625223 0.0047389053495474238 -0.00054807727375419868 -0.00038024307817378618 0.00054058204186298298 0.00032442948141646257 0.0030558890353300358 -0.00017198256919897107 0.0032754338176752581 0 -0.00065388867939076591
leaf_weight=151 85 79 51 73 52 138 80 76 96 160 81 366 51 137 70 74 60 59 616 325 83 97 253 58 76 52 408 101 308 76 70 58 65 201 139 85 195 62 125 1877 343 4828 60 7131 67 433 74 62 216 336 133 52 51 551 200 588 223 159 143 70 51 1314
leaf_count=151 85 79 51 73 52 138 80 76 96 160 81 366 51 137 70 74 60 59 616 325 83 97 253 58 76 52 408 101 308 76 70 58 65 201 139 85 195 62 125 1877 343 4828 60 7131 67 433 74 62 216 336 133 52 51 551 200 588 223 159 143 70 51 1314
internal_value=0 -0.00141637 2.30039e-05 -0.00221419 0.000772738 0.000938419 0.00143555 0.0027401 0.00132064 -1.34796e-05 0 -8.42589e-06 0.000716536 0.00197392 -9.27117e-05 0.00100838 -0.00140046 0.000298106 -3.7423e-05 -0.000462508 -4.48966e-05 0.00183977 -0.00126819 0 -0.000341299 0.00106568 -0.000569646 1.55401e-05 -0.000378813 0.00236989 0.000727447 0.00135047 0.00227391 -9.26879e-05 -0.00307522 0.00107629 0.0014834 -1.24327e-05 -0.00119986 0 -0.000523944 2.58847e-05 -4.54245e-05 9.51728e-05 6.92682e-05 0.000760635 7.02524e-05 0.00164158 0.000245461 0.000182708 -0.000683036 0.00029149 0.000584019 0.000484948 0.000871216 0.00112808 0.00178891 0.00137872 -0.000125606 0.000848893 0.00237608 -0.000228657
internal_weight=24354 376 23978 291 1144 1092 753 252 172 22834 22614 22533 833 338 495 287 220 425 21700 1754 1176 148 578 19946 1028 128 900 492 409 150 501 181 123 339 218 431 346 19765 187 19578 959 18619 13969 7827 7767 636 569 136 4650 4434 469 3965 2088 2036 1272 1072 484 433 764 213 210 6142
internal_count=24354 376 23978 291 1144 1092 753 252 172 22834 22614 22533 833 338 495 287 220 425 21700 1754 1176 148 578 19946 1028 128 900 492 409 150 501 181 123 339 218 431 346 19765 187 19578 959 18619 13969 7827 7767 636 569 136 4650 4434 469 3965 2088 2036 1272 1072 484 433 764 213 210 6142
is_linear=0
shrinkage=0.05


Tree=32
num_leaves=63
num_cat=0
split_feature=36 26 27 23 35 34 34 22 21 0 6 25 21 21 33 8 35 6 19 26 36 43 11 23 34 21 19 34 11 25 42 8 37 36 43 33 26 0 33 36 0 19 35 35 2 44 10 37 34 26 44 27 33 6 32 35 24 11 37 28 26 25
split_gain=0.358074 0.296763 0.241406 0.22887 0.226271 0.210244 0.200707 0.198628 0.368082 0.212989 0.206866 0.259664 0.190236 0.179249 0.175922 0.172286 0.307358 0.167939 0.167188 0.187898 0.36636 0.406858 0.316822 0.263586 0.275123 0.242797 0.312852 0.362755 0.200827 0.192964 0.399205 0.192806 0.180993 0.160805 0.159521 0.158943 0.185048 0.210092 0.204029 0.279201 0.171464 0.153675 0.152782 0.145749 0.167112 0.145257 0.254637 0.304351 0.207836 0.168902 0.148766 0.144912 0.265833 0.138884 0.130028 0.1278 0.125227 0.135561 0.249436 0.58385 0.234298 0.453796
threshold=0.88796809315681469 -0.27472184598445887 -0.42436194419860834 0.061117902398109443 0.90985068678855907 0.76284006237983715 0.9349346160888673 -0.053949370980262749 0.13614416867494586 -0.030345129780471321 -0.033394301310181611 0.095751129090785994 0.17393948882818225 0.21090289950370791 3.0010622739791875 -0.14979387819766996 0.72681480646133434 -0.065893791615962968 0.0070467677433043727 -0.18856833130121228 0.22832304984331134 0.26847335696220404 0.063332173973321929 0.061117902398109443 0.88243865966796886 0.10429955646395685 0.059348843991756446 0.66606816649436962 0.055505180731415756 0.13342823088169101 0.42499999701976782 0.011153702158480884 0.010417316574603321 0.59371209144592296 0.22016132622957232 0.94880694150924694 -0.063519049435853944 -0.050491269677877419 -0.48437283933162684 0.713068187236786 -0.012391067575663326 0.019346138462424282 -0.22615567594766614 0.91933783888816845 0.10042401775717737 0.017176166176795963 0.056879954412579543 0.027331816032528881 0.42085823416709905 -0.4522478580474853 0.0048242756165564069 -0.18810918927192685 -0.10672080516815184 -0.025802140124142166 -0.10744924470782279 0.40940198302268987 -0.016414645127952095 0.02185724396258593 -0.01399882650002837 -0.11099055781960486 -0.17589298635721204 0.12447242438793184
decision_type=2 2 2 2 2 2 2 2 2 2 2 2 2 2 2 2 2 2 2 2 2 2 2 2 2 2 2 2 2 2 2 2 2 2 2 2 2 2 2 2 2 2 2 2 2 2 2 2 2 2 2 2 2 2 2 2 2 2 2 2 2 2
left_child=1 17 12 4 5 -2 -6 8 9 -4 11 -9 -3 15 18 -10 -17 -1 32 29 21 28 23 -22 25 26 51 -28 41 30 -20 -31 -11 55 -34 36 40 -38 39 -39 -13 42 -21 44 -5 49 47 -47 -48 53 -51 -25 54 -19 -53 -32 57 58 59 -12 61 -60
right_child=3 2 7 43 6 -7 -8 10 13 14 56 35 -14 -15 -16 16 -18 45 19 20 22 -23 -24 24 -26 -27 27 -29 -30 31 33 -33 34 -35 -36 -37 37 38 -40 -41 -42 -43 -44 -45 -46 46 48 -49 -50 50 -52 52 -54 -55 -56 -57 -58 -59 60 -61 -62 -63
leaf_value=0.0010126424999981063 0.0013240705865766268 -0.00043163831238406239 -0.0012359154068292231 0.00034908089384883353 -0.0012599777843317261 0.006266211019430915 0.0027427012124294492 0.0037529322424845824 0.0054904053544825209 0.00026229986506047466 -4.2102044945342774e-05 0.0003386335638885343 -0.0031218798968615947 0.0002020842814050451 -0.0018514053154653513 0 0.0042094056057413263 0 0.0034965470720751354 0.0019456052444188688 0.00047685513531143056 0.0025953092191481962 -0.0017204328254689595 0 -8.4362981960841337e-05 -0.00045609741662372286 0.0081660322089945631 0.0021684850357541461 -0.0035559974156487845 6.8749964422837559e-06 0.0019995004915713105 -0.0021531971242544053 0.0011706430927061952 -0.00086317067850246267 0.0039422678183482695 -0.0019453664429035765 0.0026469045475556187 0.0042433956021744159 0.00028838531751135174 4.1566325360955912e-05 -0.00089255976869787924 -0.001123054623561345 -0.00036682188517720836 -0.00081721417649985848 0.002665884995056763 0 0.00078338781901288266 0.0050041520591633769 -0.0019297722514779693 -0.00013841956301069991 -0.0010696090146666392 0.0020489023590122106 0.00044649228045533386 -0.0032749526785313815 0.00578064156845212 -0.0001175085735977643 -0.0004645230910810593 -0.00019496274220521875 0.0034948686422007582 0.0064023656354429389 4.0672338724807198e-06 -0.0010654842035582074
leaf_weight=158 60 1140 228 381 57 58 59 56 52 517 81 708 74 136 89 113 77 53 78 97 1509 97 117 108 151 63 52 81 63 145 109 233 359 438 76 74 130 83 1503 99 458 462 234 144 111 61 127 53 139 908 952 90 134 120 62 149 1996 4807 137 53 3157 79
leaf_count=158 60 1140 228 381 57 58 59 56 52 517 81 708 74 136 89 113 77 53 78 97 1509 97 117 108 151 63 52 81 63 145 109 233 359 438 76 74 130 83 1503 99 458 462 234 144 111 61 127 53 139 908 952 90 134 120 62 149 1996 4807 137 53 3157 79
internal_value=3.7929e-05 0 6.3545e-05 0.00103361 0.00239839 0.00398042 0.000564309 0.000107147 0.000343226 0.000238631 0 0.000356825 -0.000617426 0.00186334 0.000304255 0.0026915 0.00178185 -0.000505886 0.000344402 0.000209064 0.000403389 -0.000407445 0.000740424 0.000879851 0.00166594 0.00215592 0.0025157 0.00472246 -0.000778216 -0.00032921 9.34233e-05 -0.00125963 0.000953459 -0.000254304 0.00171626 0.000285787 0.000349875 0.000667842 0.000499583 0.00210115 -0.000123718 -0.000523927 0.000237336 0.000490704 0.000924712 -0.000615865 0.000231599 0.00224843 -0.000541543 -0.000786582 -0.000628625 0.00170237 0.00229239 -0.00233405 0.00374896 0.000682312 -0.000108329 -1.97856e-05 0.000213193 0.00233528 0.000121144 0.00171288
internal_weight=24195 23325 20754 870 234 118 116 19540 6119 5741 13421 3111 1214 378 5513 242 190 2571 5424 4472 3320 953 2367 2250 741 590 527 133 856 1152 774 378 952 696 435 3055 2981 1815 1685 182 1166 793 331 636 492 2413 380 114 266 2033 1860 394 286 173 152 258 10310 8314 3507 134 3373 216
internal_count=24195 23325 20754 870 234 118 116 19540 6119 5741 13421 3111 1214 378 5513 242 190 2571 5424 4472 3320 953 2367 2250 741 590 527 133 856 1152 774 378 952 696 435 3055 2981 1815 1685 182 1166 793 331 636 492 2413 380 114 266 2033 1860 394 286 173 152 258 10310 8314 3507 134 3373 216
is_linear=0
shrinkage=0.05


Tree=33
num_leaves=63
num_cat=0
split_feature=38 8 24 15 34 25 15 19 40 9 28 36 16 30 25 8 13 30 25 25 35 24 36 25 42 23 35 25 40 26 27 0 36 1 25 19 14 2 1 16 16 27 31 34 34 16 19 25 39 36 35 38 24 26 36 8 24 12 30 40 25 5
split_gain=0.268392 0.323384 0.501357 0.298263 0.324782 0.276494 0.433653 0.29297 0.23228 0.204391 0.194625 0.196583 0.27133 0.196297 0.196082 0.172391 0.1707 0.160648 0.246307 0.192054 0.349643 0.172711 0.16058 0.164126 0.154502 0.218937 0.152248 0.147482 0.222746 0.142984 0.126035 0.204514 0.119445 0.175464 0.142874 0.109472 0.171485 0.178909 0.167278 0.143882 0.212969 0.133065 0.138832 0.147698 0.153401 0.11764 0.114934 0.140449 0.111721 0.304748 0.104251 0.244881 0.146294 0.145772 0.112363 0.103413 0.101474 0.0974648 0.154729 0.170322 0.214662 0.110776
threshold=-0.060108778998255723 -0.12373977154493331 -0.10514894500374793 0.11949263885617258 0.74640083312988292 0.44012938439846044 0.024827950634062294 0.10070361942052843 21.52872467041016 0.012761395890265705 -0.23863401263952252 0.88432013988494884 -0.016662460751831528 5.1503376960754403 0.4167786985635758 0.21055017411708835 -0.029418858699500557 -0.5704384148120879 0.54007270932197582 0.36370879411697393 0.6915327012538911 -0.12848919630050656 0.42586381733417517 0.14649516344070437 0.57500001788139354 0.05437069199979306 -0.724409520626068 0.23446626216173175 40.628801345825202 -0.090194892138242708 0.85403534770011913 0.0041403484065085658 0.7751576602458955 0.020212253555655483 0.12830042093992236 0.012851968873292209 0.4668662697076798 0.039884367957711227 0.064948897808790221 0.012009436730295421 0.0041692741215229043 -0.14685372263193128 0.042813047766685493 -0.2184871435165405 0.25756274163722997 0.029601786285638813 0.037256363779306419 0.28880697488784796 0.033730518072843559 0.72838264703750621 0.25430381298065191 -0.075479321181774126 -0.065311752259731279 -0.26357369124889368 -0.051751604303717606 0.055590128526091583 -0.038805155083537095 0.023881510831415657 -0.48359049856662745 51.942604064941413 0.077486310154199614 0.0055343359708786019
decision_type=2 2 2 2 2 2 2 2 2 2 2 2 2 2 2 2 2 2 2 2 2 2 2 2 2 2 2 2 2 2 2 2 2 2 2 2 2 2 2 2 2 2 2 2 2 2 2 2 2 2 2 2 2 2 2 2 2 2 2 2 2 2
left_child=1 2 -1 10 -5 9 -7 -8 -9 -4 14 13 -13 17 16 24 29 18 22 26 21 -21 23 -12 25 -14 -19 -25 -29 -2 31 57 33 -18 -34 41 39 38 46 40 -37 42 43 -33 -45 -41 47 -38 -43 -50 51 52 -3 56 -53 -47 -52 -28 -59 60 -60 -61
right_child=3 50 5 4 -6 6 7 8 -10 -11 11 12 15 -15 -16 -17 32 19 -20 20 -22 -23 -24 27 -26 -27 30 28 -30 -31 -32 35 34 -35 -36 36 37 -39 -40 45 -42 48 -44 44 -46 55 -48 -49 49 -51 53 54 -54 -55 -56 -57 -58 58 59 61 -62 -63
leaf_value=0.0059669529722459549 -0.0013278921160665971 0 0 -0.00010713312723787457 -0.0048756142125878123 -0.003712545815110207 -0.00041652739775383262 1.2922372129566459e-05 0.004031424204743392 0.0027592397043837182 0.0039506133846312188 -0.00049974188584270198 0.0039793850808552411 -0.0027869472203480945 -0.0014996579546444843 0.0036425069209713584 -0.00033802944321666703 -0.0015395236142784737 0.0041014843345398002 0.0017510448734323046 -0.0026040751861142967 -0.00046534407157601976 -0.00015617010077825983 -0.00031076425123878503 -0.00053387517842736864 0.00040103309861811668 -0.00015102338105448622 0.0041047310784459116 0 0.00089556991761708836 -0.0004220623449353817 0.00017108505971103524 -0.00045135469565693218 0.00073428392043707082 0.00086319348371175224 0.0006905334499175017 -0.00033307651914651985 -0.00058466575183925204 0.0030696864549600339 -0.00033441381097321261 0.0045928394012385984 0.00032592910851896744 0 0.0058212594144633574 0.0016653633237417255 0 0.00072853650376545893 0.0021730480011170491 0.0045698563518543917 -0.00027831991996820672 9.6923840078690091e-05 0.0022408523438556104 -0.0032167483634564357 0 -0.0002357615912139806 0.0025060687871464628 0.0037314091655794566 -0.0015209911454093239 0.0032120832579815486 0.00016580558305435278 0.00050983159781918498 -0.00093978232816150406
leaf_weight=56 509 59 69 102 66 62 201 80 92 247 52 191 75 61 315 97 3539 147 52 96 189 774 411 143 90 143 5638 62 88 70 1172 72 285 415 608 126 835 854 54 222 62 1355 92 50 87 72 620 58 58 53 56 60 108 422 138 90 50 116 83 756 1243 311
leaf_count=56 509 59 69 102 66 62 201 80 92 247 52 191 75 61 315 97 3539 147 52 96 189 774 411 143 90 143 5638 62 88 70 1172 72 285 415 608 126 835 854 54 222 62 1355 92 50 87 72 620 58 58 53 56 60 108 422 138 90 50 116 83 756 1243 311
internal_value=4.17101e-06 0.000610924 0.00133672 -4.02601e-05 -0.00213774 0.000954453 7.5735e-05 0.000776484 0.00231274 0.00208306 -2.34339e-05 6.14591e-05 0.000954099 2.69492e-05 -0.000275457 0.00170116 -0.000199648 3.92548e-05 0.000726216 1.28238e-06 -0.000646442 -0.000191193 0.000458451 0.00126218 0.00100381 0.00175282 5.12781e-05 0.000693951 0.00181574 -0.0010154 6.97175e-05 0.000116324 -9.69508e-05 -0.000219082 0.000415659 0.000377129 0.000181386 0 0.000314636 0.000959623 0.00211886 0.000694394 0.00168523 0.00239664 0.00337958 0.000325044 0.000198807 -0.0001412 0.000473402 0.00203988 -1.73781e-05 -0.000692639 -0.00212584 0.000402331 0.000392537 0.00138084 0.00205552 -3.29999e-05 0.000222227 0.000317474 0.000698971 -0.000133312
internal_weight=24359 1700 807 22659 168 751 435 373 172 316 22491 16750 596 16154 5741 405 5426 16093 808 15285 1059 870 756 345 308 218 14226 293 150 579 14079 12907 4847 3954 893 4760 2993 2421 1567 572 188 1767 301 209 137 384 1513 893 1466 111 893 365 167 528 198 162 106 8147 2509 2393 1326 1067
internal_count=24359 1700 807 22659 168 751 435 373 172 316 22491 16750 596 16154 5741 405 5426 16093 808 15285 1059 870 756 345 308 218 14226 293 150 579 14079 12907 4847 3954 893 4760 2993 2421 1567 572 188 1767 301 209 137 384 1513 893 1466 111 893 365 167 528 198 162 106 8147 2509 2393 1326 1067
is_linear=0
shrinkage=0.05


Tree=34
num_leaves=63
num_cat=0
split_feature=39 4 34 36 20 3 30 40 15 36 23 30 39 20 29 36 36 26 3 5 42 26 43 42 35 6 21 36 25 4 6 23 9 7 4 20 36 26 43 10 24 35 19 24 20 35 29 2 37 30 34 12 25 30 25 9 29 2 13 43 17 33
split_gain=0.215375 0.540703 0.258249 0.229037 0.221004 0.289965 0.581648 0.248227 0.220059 0.233165 0.424901 0.497413 0.211619 0.197911 0.193664 0.28513 0.191651 0.185823 0.177398 0.17048 0.170454 0.164685 0.19763 0.291738 0.246204 0.306562 0.159195 0.158056 0.174792 0.430896 0.175922 0.21819 0.237646 0.165541 0.155467 0.155263 0.236264 0.171945 0.204753 0.165682 0.517207 0.189554 0.229258 0.2034 0.179611 0.24669 0.184328 0.14867 0.273721 0.147682 0.145313 0.144935 0.144064 0.14327 0.186793 0.138139 0.248517 0.158736 0.134984 0.134075 0.133985 0.155848
threshold=-0.032501779496669762 -0.12959111481904981 0.84028986096382152 0.45130345225334173 -0.032188532873988145 -0.17020027339458463 0.1874731779098511 27.9250020980835 0.093816943466663374 0.88432013988494884 0.061117902398109443 0.30871237814426428 0.060733959078788764 -0.21182637661695478 0.51502481102943432 -0.33531065285205836 0.75011339783668529 -0.29102647304534907 -0.12015095353126524 0.032640911638736732 0.37500000000000006 -0.30896617472171778 0.31197200715541845 0.42499999701976782 0.74799376726150524 -0.01225704839453101 0.018721607513725761 0.088714450597763075 0.073934193700552001 -0.0063358044717460862 -0.052976258099079125 0.089956592768430724 0.0058594674337655315 -0.030385145917534825 0.08818496018648149 -0.016312190331518647 0.66113024950027477 -0.17025349289178845 0.16347174346446994 0.042589567601680763 -0.17148561030626294 0.44813928008079534 0.07780711725354196 -0.053630487993359559 -0.027171073481440541 0.38300557434558874 0.36574923992156988 0.10042401775717737 0.042517321184277541 1.1044813990592959 0.46016977727413183 0.027701766230165962 0.44012938439846044 0.70912340283393871 0.089508414268493666 0.01827237289398909 -0.027657108381390568 0.020952015183866027 -1.0000000180025095e-35 0.36626735329627996 -0.0041141684632748357 -0.037660872563719743
decision_type=2 2 2 2 2 2 2 2 2 2 2 2 2 2 2 2 2 2 2 2 2 2 2 2 2 2 2 2 2 2 2 2 2 2 2 2 2 2 2 2 2 2 2 2 2 2 2 2 2 2 2 2 2 2 2 2 2 2 2 2 2 2
left_child=1 2 3 4 5 6 -1 -6 9 21 11 -11 -10 -14 15 -3 20 -13 -4 -15 52 58 26 51 -25 -26 -23 28 29 -28 -30 33 -33 -32 -19 36 39 -38 -39 40 -29 42 44 -43 45 46 60 -12 -49 -18 -47 -24 -17 54 -40 57 -57 -45 -2 -22 -42 -62
right_child=8 14 18 -5 7 -7 -8 -9 12 10 47 17 13 19 -16 16 49 34 -20 -21 59 22 23 24 25 -27 27 35 30 -31 31 32 -34 -35 -36 -37 37 38 53 -41 41 43 -44 55 -46 50 -48 48 -50 -51 -52 -53 -54 -55 -56 56 -58 -59 -60 -61 61 -63
leaf_value=0.0078656751972292199 -0.00068889030838806958 0.0034907455592542436 0.001151735885675726 -0.00010938274143528858 0.0012600592445144712 0.0012837119981001625 4.0710138129347033e-05 -0.0015315868779414554 -0.0015435167208091409 0.0068998251263438191 -0.00049444113440270021 0.0034904734519365837 -0.0021607442049398312 0 -0.0032446845296290844 0.0003969092573608963 0.00016191386952811205 0.0017971707470976165 0.0059520704524204287 0.003117605945326877 -0.0017416986358235746 0.00026859424160060349 -0.0032405373863576819 0.00046609467743533169 0.00088612490815372308 0.0054098553585493012 0.0048553798245424317 0.0041355313862708803 0.00063843425734779467 -0.00015627591661858287 0.0010457832114256396 -0.0046420971359029785 -0.0010849382146220176 -0.00053198685100491988 -0.0020087311831226782 -0.00024191557853762356 -0.00080924242585436355 -0.00040036663402279827 0.00426772717992296 -0.00069491028254917435 -0.00070791783355783578 -0.0003992724574389977 0.0028026217359151295 0 0 0.004782737937531676 0.0028067642723622385 0.0040713089153083032 -5.5006194926977644e-05 0.002823939618416304 0.00081291406935146888 6.7326998670059869e-05 -0.0018262842195213768 -0.00019158792157535499 0.0008249520866100426 0.0044490523818062578 0 0.0023865048585767624 0.0015666396347952525 0.0002110561575320673 0.0013244006155135001 -0.0003330724655572946
leaf_weight=60 1360 53 58 320 313 273 50 100 463 55 352 54 52 78 50 412 421 53 50 71 378 3314 54 322 108 75 51 93 243 209 185 55 877 1169 53 5155 916 959 51 336 197 1230 126 601 798 67 91 58 93 64 63 50 88 210 352 61 62 80 63 86 401 187
leaf_count=60 1360 53 58 320 313 273 50 100 463 55 352 54 52 78 50 412 421 53 50 71 378 3314 54 322 108 75 51 93 243 209 185 55 877 1169 53 5155 916 959 51 336 197 1230 126 601 798 67 91 58 93 64 63 50 88 210 352 61 62 80 63 86 401 187
internal_value=3.2325e-06 0.000418671 0.00120705 0.000949459 0.00140631 0.00229211 0.0045514 0.000522622 -4.9124e-05 -1.94058e-05 0.000863731 0.00272321 -0.000945699 0.000307707 -0.000187175 -6.77085e-05 -0.000216272 0.00111472 0.00362172 0.00134075 -0.000636472 -5.21016e-05 -1.13723e-05 0.000872346 0.00139447 0.00288604 -4.24438e-05 -0.000113667 -0.000453509 0.000738243 -0.000586035 -0.000727241 -0.00132404 -0.000297649 0 -3.28251e-05 0.000120191 -0.000263439 3.88569e-05 0.000343158 0.000435367 0.00034174 0.000696639 0 0.000534957 0.00097939 0.000640389 1.73545e-05 0.00137313 0.000567231 0.00306096 -0.00141827 0 0.000766511 0.00132734 0.000623085 0.00219688 0.000300745 -0.000570954 -0.00132611 0.000355801 0.000754963
internal_weight=24329 2776 1224 1116 796 383 110 413 21553 20889 718 215 664 201 1552 1502 1449 160 108 149 964 20171 18748 609 505 183 18139 14825 2789 260 2529 2286 932 1354 106 12036 6881 2488 1572 4393 4057 3964 1930 2034 1804 1006 876 503 151 485 130 104 500 613 403 804 123 681 1423 464 785 588
internal_count=24329 2776 1224 1116 796 383 110 413 21553 20889 718 215 664 201 1552 1502 1449 160 108 149 964 20171 18748 609 505 183 18139 14825 2789 260 2529 2286 932 1354 106 12036 6881 2488 1572 4393 4057 3964 1930 2034 1804 1006 876 503 151 485 130 104 500 613 403 804 123 681 1423 464 785 588
is_linear=0
shrinkage=0.05


Tree=35
num_leaves=63
num_cat=0
split_feature=8 36 29 29 15 10 4 8 24 29 4 34 36 1 34 16 23 31 20 25 11 38 25 38 20 17 30 36 30 6 11 5 27 15 0 12 37 36 23 37 25 41 8 39 17 34 30 37 11 36 24 15 12 30 15 36 30 20 14 11 31 8
split_gain=0.36245 0.393808 0.637492 0.27604 0.182136 0.229444 0.286131 0.220319 0.299579 0.239871 0.236288 0.213172 0.221372 0.186392 0.173212 0.169897 0.164077 0.272086 0.188241 0.251129 0.23702 0.155987 0.183107 0.137525 0.13634 0.135933 0.209126 0.134492 0.133814 0.132772 0.225257 0.211685 0.162487 0.16847 0.166548 0.1793 0.185447 0.182054 0.196908 0.24183 0.153374 0.23121 0.167573 0.26267 0.143469 0.125829 0.120259 0.118542 0.117771 0.15767 0.352782 0.152276 0.129339 0.113464 0.11068 0.110389 0.165467 0.175805 0.164749 0.153168 0.118746 0.182374
threshold=-0.23147377371788022 0.25693850219249731 0.31728544831275945 5.7910320758819589 0.10248322039842607 0.054185984656214721 0.44329611957073217 -0.13505081832408902 -0.10631237924098967 -0.023693807423114773 -0.25145773589611048 0.26541429758071905 0.85074520111083995 -0.011115863453596829 0.31999960541725164 -0.02844869531691074 1.0000000180025095e-35 0.88831916451454174 -0.11426724493503569 0.12447242438793184 0.048068307340145118 0.010604139417409899 0.19262805581092837 0.020292907021939758 -0.049557371065020554 0.0098544238135218638 0.61977228522300731 0.89756417274475109 1.0613260269165041 -0.032824529334902756 0.017667046748101715 -0.0083906305953860266 0.85403534770011913 0.02070135343819857 -0.030345129780471321 0.051104323938488967 0.029643020592629913 0.21123600006103518 0.18753134459257129 -0.013132752384990452 0.019792842678725723 0.55000001192092907 -0.033886251971125596 -0.027105763554573056 0.013061055447906257 -0.43149411678314203 0.022014392539858822 0.028170527890324596 0.047636598348617561 0.3369754850864411 -0.047316081821918481 0.032220156863331802 0.0097634685225784796 0.24117784202098849 0.050771201029419906 0.55034464597702037 -0.15996537357568738 -0.0068939113989472381 0.15030121058225634 0.030288250185549263 0.15197777003049853 -0.11341634765267371
decision_type=2 2 2 2 2 2 2 2 2 2 2 2 2 2 2 2 2 2 2 2 2 2 2 2 2 2 2 2 2 2 2 2 2 2 2 2 2 2 2 2 2 2 2 2 2 2 2 2 2 2 2 2 2 2 2 2 2 2 2 2 2 2
left_child=1 2 -1 4 5 6 16 10 11 54 -7 13 23 -9 -11 27 17 -2 19 20 46 22 -8 -13 -12 26 -6 -14 -23 30 -20 -31 33 -33 -35 36 37 38 -36 -40 41 -39 43 -42 -34 -15 -18 -27 49 50 -44 -50 -51 -43 -10 56 57 58 -32 -57 61 -61
right_child=3 -3 -4 -5 25 7 21 8 9 14 24 12 15 45 -16 -17 18 -19 29 -21 -22 28 -24 -25 -26 47 -28 -29 -30 31 55 32 44 34 35 -37 -38 40 39 -41 42 53 48 -45 -46 -47 -48 -49 51 52 -52 -53 -54 -55 -56 59 -58 -59 -60 60 -62 -63
leaf_value=0.0070285973916326076 0.0033674137672424359 -0.00094397849686767748 0 -0.0026229615071881101 -0.0016665045676910015 0 0.0015478085656406562 0.0040028419042794621 -0.00046682756776611126 -0.0039934719472726364 0.0055035634580676875 0.0013008014008080533 0.0015180239556692877 0.002937381974059261 -0.00067430131251130523 0.0022349592119436756 0.0030966485993282403 -0.00072119180011846447 0.0034507565382291038 -0.0023974595927151185 -0.0022742955964438773 -0.0023827343774661461 -0.0011879951565131968 -0.00068904190338559207 0.0017595810182714864 -2.3252276144921779e-05 0.0012833410287234148 -0.0019202498842723075 0 -0.00033132366386329616 0.0035297503358817043 -0.00011687290812713655 -0.00093455823623015549 -0.0013698730735368899 -0.00022899322439518359 0.0031546813962039484 -0.00066182870480556574 0.0040015272497523416 0 0.0045011910611053576 0 0.0021358560724644969 7.7061851603343765e-05 0.0015289043316698875 0.00031424904405957181 0.0002549394919530075 0 -0.0032536859249035497 0.0019428948912962635 -0.00047918685262643966 0.0038928045795670568 0.00023269147682901536 0.00025585193595084284 -0.00097172384228882936 0.0016545259766535111 -0.00066274870630609608 -0.00042364694558118092 -0.00025583950261941923 0.0007048442549979656 0.0024993764642709045 -0.00069069572712603111 0.00065202712955219721
leaf_weight=69 93 57 63 100 124 100 95 81 164 76 50 101 55 67 131 200 53 57 57 190 73 255 163 455 116 62 111 56 77 4571 68 4548 713 146 1616 56 470 80 52 50 437 50 251 753 302 201 102 101 225 960 86 406 1576 61 91 176 1014 360 414 185 92 753
leaf_count=69 93 57 63 100 124 100 95 81 164 76 50 101 55 67 131 200 53 57 57 190 73 255 163 455 116 62 111 56 77 4571 68 4548 713 146 1616 56 470 80 52 50 437 50 251 753 302 201 102 101 225 960 86 406 1576 61 91 176 1014 360 414 185 92 753
internal_value=8.33429e-06 0.002187 0.00372615 -7.7405e-06 2.15748e-06 2.10715e-05 -2.44797e-05 0.000541944 0.000311789 -0.000745028 0.00189671 0.000734002 0.000279007 0.00179077 -0.0020201 0.00136072 4.72635e-06 0.0016504 -5.90434e-06 -0.00105651 0 -0.00111023 -8.28684e-05 -0.00028181 0.00305058 -0.00105669 -0.00016725 0 -0.00183208 1.4296e-05 0.000315569 -3.82516e-05 6.41589e-05 0.000118024 0.000268304 0.000305454 0.00027914 0.000349949 -8.03206e-05 0.00202085 0.000506379 0.00193328 0.000442793 0.000963277 -0.000538402 0.00102288 0.00116866 -0.00218167 0.000258785 0.000112824 0.00112921 0.000883154 -1.25797e-05 0.000207172 0.000194113 0.000248489 0 0.000524292 0.00115844 0.000620864 0.000864675 0.00104415
internal_weight=24317 189 132 24128 24028 23630 21686 1944 1678 462 266 1216 867 349 207 311 21096 150 20946 418 228 590 258 556 166 398 235 111 332 20528 3119 17409 12838 11823 7275 7129 7073 6603 1718 102 4885 191 4694 1190 1015 268 155 163 3504 2873 337 631 2536 111 255 3062 1856 842 482 1206 1030 938
internal_count=24317 189 132 24128 24028 23630 21686 1944 1678 462 266 1216 867 349 207 311 21096 150 20946 418 228 590 258 556 166 398 235 111 332 20528 3119 17409 12838 11823 7275 7129 7073 6603 1718 102 4885 191 4694 1190 1015 268 155 163 3504 2873 337 631 2536 111 255 3062 1856 842 482 1206 1030 938
is_linear=0
shrinkage=0.05


Tree=36
num_leaves=63
num_cat=0
split_feature=26 36 38 43 44 30 36 10 35 40 34 8 4 44 4 10 30 36 11 0 43 30 21 36 30 36 37 31 4 36 27 8 32 35 31 9 23 8 30 11 36 22 43 26 4 36 13 35 0 39 43 11 27 34 33 21 30 6 2 22 7 44
split_gain=0.24336 0.204737 0.223621 0.331324 0.400362 0.329437 0.303093 0.206229 0.200581 0.352593 0.227664 0.168783 0.165979 0.132356 0.171369 0.193423 0.207709 0.142451 0.176813 0.126914 0.122331 0.120329 0.123491 0.226794 0.446692 0.138285 0.135935 0.185883 0.124661 0.120329 0.117151 0.117388 0.113951 0.111377 0.107568 0.0955533 0.204016 0.195593 0.205823 0.565015 0.166669 0.160359 0.122819 0.159014 0.136029 0.115115 0.113371 0.165403 0.118718 0.108337 0.100847 0.179651 0.0967327 0.095346 0.189931 0.118186 0.109034 0.0970195 0.0942652 0.0935211 0.150889 0.104633
threshold=-0.58534491062164296 0.88796809315681469 -0.10254577174782752 0.48314641416072851 -0.0094725401140749437 1.0613260269165041 0.063915204256773009 0.091111209243536009 0.91433092951774608 76.75714492797853 0.96147096157073986 -0.23147377371788022 0.013129109982401134 0.024561800993978981 0.44329611957073217 0.052556993439793594 -0.15641501545906064 0.088714450597763075 0.030986460857093338 0.037321278825402267 0.36626735329627996 -0.71078795194625843 0.0018239888013340535 0.75011339783668529 0.42905324697494512 0.66498619318008434 0.010417316574603321 0.22250804305076602 -0.34029336273670191 0.29098817706108099 1.1237463355064394 0.021687243133783344 0.4153334796428681 0.74094104766845714 -0.23316553980112073 0.0095189828425645846 0.071202091872692122 0.01493637776002288 0.1874731779098511 0.014587821438908579 0.14119598269462588 -0.043436950072646134 0.10015469789505006 -0.084010884165763841 -0.14670916646718976 0.38719536364078527 -0.0018754691118374465 0.80186864733695995 -0.0072080746758729211 -0.0043239707592874757 0.15956141054630282 0.040660586208105094 -0.11633355543017386 0.40016102790832525 0.081940285861492171 0.077276241034269347 0.24846701323986056 0.020303715951740745 -0.036264486610889428 -0.032496366649866097 0.013488242402672769 0.0049499948509037503
decision_type=2 2 2 2 2 2 2 2 2 2 2 2 2 2 2 2 2 2 2 2 2 2 2 2 2 2 2 2 2 2 2 2 2 2 2 2 2 2 2 2 2 2 2 2 2 2 2 2 2 2 2 2 2 2 2 2 2 2 2 2 2 2
left_child=-1 2 3 4 6 -5 -2 11 9 32 12 -4 -10 14 21 17 -17 -16 -19 -20 -18 -13 23 25 -25 26 -23 -28 29 -24 34 -32 -3 -9 53 36 37 38 42 -40 -38 -42 44 -44 -36 -45 -37 48 50 -39 -48 -52 -46 54 -30 56 -55 59 -43 60 -57 -62
right_child=1 8 7 5 -6 -7 -8 33 10 -11 -12 13 -14 -15 15 16 20 18 19 -21 -22 22 28 24 -26 -27 27 -29 30 -31 31 -33 -34 -35 35 46 40 49 39 -41 41 58 43 45 52 -47 47 -49 -50 -51 51 -53 -54 55 -56 57 -58 -59 -60 -61 61 -63
leaf_value=-0.0025561367388518244 0.0013359233125112952 0.0011004774446982044 0.0024904209912185453 -0.0030276472180417475 0 0.0019676743891189059 0.0069536658851959837 -0.00031447066085287157 0.00084646321568656181 0.0049418535977602011 0.002168929306790233 0.0017860405100263146 -0.0022036950231932844 0.0024223275545581773 0.00043344900462312212 0.0029267159683152664 -0.0014199706365543244 0.00084376007475253981 -0.0024576825119260104 -5.0945571714987026e-05 0.0010045169279017374 -0.00037478233059155499 0 0.0062059403826636309 0 -0.0018951567158748774 0 0.0039741285617017879 -1.8077439054460265e-05 -0.0030731563207529885 -0.0010449437778049582 5.3987328174849041e-05 -0.001146575770662906 -0.0027106377025416426 -0.0019286528494027472 0.00011705475122091635 -0.0014204520584920289 0.0011536552371575652 0.0065992652438580995 0.00014756955213084732 0.0011031954564393255 0 4.3818380113225434e-05 0.00076420893243542233 -0.00045451685839607522 0.0041431561421602968 -0.00023085435037681554 0.0028242860672769198 0.0024519770367278267 -0.00063186593466605496 0.0029254995015293673 8.7593038644189113e-05 0.00047603709124351259 -0.00035513031866352829 0.0023637713378596771 -0.0014702977254578559 -0.0012971040208278862 0.001889395382572479 -0.00081578575036383289 0.00020242311662209259 0.0013287910113616772 -0.00070414847253523624
leaf_weight=91 62 474 67 71 99 56 61 140 51 62 62 94 139 55 80 60 124 50 324 92 79 111 70 51 53 63 66 57 2098 65 532 372 53 107 79 9393 396 86 50 130 185 628 187 82 374 62 423 88 70 797 83 230 938 1183 86 271 483 63 752 808 116 126
leaf_count=91 62 474 67 71 99 56 61 140 51 62 62 94 139 55 80 60 124 50 324 92 79 111 70 51 53 63 66 57 2098 65 532 372 53 107 79 9393 396 86 50 130 185 628 187 82 374 62 423 88 70 797 83 230 938 1183 86 271 483 63 752 808 116 126
internal_value=1.49346e-05 2.57021e-05 -8.67138e-07 0.00125322 0.00244181 -0.000629829 0.00434126 -2.10287e-05 0.000791962 0.00130568 -0.000309958 -4.2957e-06 -0.00125366 -1.28281e-05 -1.99109e-05 -0.000734514 0.000304133 -0.00128038 -0.00162834 -0.00198615 -0.000353451 5.47643e-06 -1.12341e-06 0.000866349 0.00287994 7.35658e-05 0.000713127 0.00189487 -1.86434e-05 -0.00153141 -7.78024e-06 -0.000565309 0.000826227 -0.00145688 1.58679e-05 8.49662e-05 -9.72781e-05 0.000171181 0.000463047 0.00209153 -0.000491234 -0.000239762 0.000277751 0.00114694 5.26168e-05 0.00240135 0.000171477 0.000714943 0.000452036 -0.000429114 0.000226344 0.000923347 0.000191653 -0.000177808 6.47886e-05 -0.000359701 -0.000643532 0 -0.00043824 -0.00010957 -0.00064938 0.000167956
internal_weight=24260 24169 23328 349 222 127 123 22979 841 589 252 22732 190 22665 22610 809 263 546 466 416 203 21801 21707 401 104 297 234 123 21306 135 21171 904 527 247 20267 15033 4746 2785 1902 180 1961 1565 1722 331 1391 144 10287 894 806 883 736 313 1312 5234 2184 3050 1666 1384 1380 1321 513 242
internal_count=24260 24169 23328 349 222 127 123 22979 841 589 252 22732 190 22665 22610 809 263 546 466 416 203 21801 21707 401 104 297 234 123 21306 135 21171 904 527 247 20267 15033 4746 2785 1902 180 1961 1565 1722 331 1391 144 10287 894 806 883 736 313 1312 5234 2184 3050 1666 1384 1380 1321 513 242
is_linear=0
shrinkage=0.05


Tree=37
num_leaves=63
num_cat=0
split_feature=10 8 25 38 13 26 42 32 44 20 42 2 44 29 24 43 27 27 27 25 42 20 4 24 32 20 10 2 6 37 43 43 10 40 4 26 43 3 34 4 40 26 6 0 29 43 2 8 11 38 44 34 27 40 8 12 37 7 31 10 15 13
split_gain=0.180633 0.53605 0.252514 0.250236 0.185267 0.173966 0.169908 0.125871 0.21383 0.200479 0.189334 0.161814 0.250964 0.307471 0.171751 0.153536 0.14911 0.182575 0.180411 0.164299 0.749951 0.455334 0.153009 0.281871 0.147123 0.140095 0.144397 0.13887 0.211534 0.198112 0.507748 0.162407 0.155643 0.185964 0.150037 0.138403 0.366305 0.131388 0.130179 0.13822 0.167018 0.129478 0.126885 0.132437 0.125003 0.119846 0.118886 0.281462 0.115323 0.128187 0.160311 0.114432 0.108669 0.106715 0.102394 0.0994922 0.0994638 0.115036 0.168801 0.0989218 0.210002 0.100518
threshold=0.11189390718936922 -0.27459043264389033 0.78152555227279674 -0.12177754938602446 -0.033998712897300713 -0.58534491062164296 0.47499999403953558 -0.15274028480052945 -0.0087158009409904463 -0.041578596457839005 0.62500000000000011 0.3424756526947022 0.017176166176795963 0.93034505844116222 -0.28307475149631495 0.31197200715541845 0.96396231651306163 -0.18497605621814725 -0.17583622038364408 0.027196907438337806 0.47499999403953558 -0.058107677847146981 -0.0090566091239452345 -0.18562921136617658 -0.027508785948157307 -0.089065093547105775 0.062591869384050383 0.010600445792078974 -0.0075045099947601548 -0.013532653916627167 0.094280902296304717 0.059328164905309684 0.029812876135110859 65.893711090087905 -0.18599084764719007 -0.0090840323828160745 0.18488559871912005 -0.0074534276500344268 0.81443443894386303 -0.09120518714189528 60.644439697265632 -0.078552730381488786 0.0055177819449454555 -0.053481152281165116 0.24379684031009677 0.15116999298334124 0.120666541159153 0.072025753557682051 0.038187062367796905 -0.027977284044027325 -0.0012881504953838883 0.80261382460594188 -0.029741598293185231 23.329197883605961 0.35987834632396704 0.0037896740250289444 0.032563809305429466 0.053567875176668174 -0.084639966487884508 0.025402457453310493 0.060448445379734046 -0.014300576876848934
decision_type=2 2 2 2 2 2 2 2 2 2 2 2 2 2 2 2 2 2 2 2 2 2 2 2 2 2 2 2 2 2 2 2 2 2 2 2 2 2 2 2 2 2 2 2 2 2 2 2 2 2 2 2 2 2 2 2 2 2 2 2 2 2
left_child=1 -1 3 -3 -2 -5 -6 8 9 -7 35 12 14 54 -9 44 17 46 24 20 21 -20 23 -21 -19 26 55 29 -29 30 -25 37 34 -34 -30 48 -37 -31 41 -40 -41 -36 43 -32 -12 -27 56 -48 49 50 -10 -49 -45 -11 -14 -24 57 -16 -59 60 -47 -61
right_child=4 2 -4 5 6 7 -8 11 10 53 15 -13 13 -15 16 -17 -18 18 19 22 -22 -23 25 27 -26 45 -28 28 32 31 42 -33 33 -35 38 36 -38 -39 39 40 -42 -43 -44 52 -46 59 47 51 -50 -51 -52 -53 -54 -55 -56 -57 -58 58 -60 61 -62 -63
leaf_value=0.0045376437311795987 0.00038257058477029208 0.0026634008612845075 -0.0024581415693111144 -0.0023202409031951141 -0.004751981318226719 0.0042083440477117184 -0.00059152066544867219 -0.0020501027481098261 0.00026172147039403419 0.0023262760706604757 0.0012991258173019856 -0.0019725962675043516 -0.00077700185744712755 0.0053203249815851452 -0.00029361610424513446 0.0022071373583433889 -0.00034293923590034847 0.0043650474731620507 0.0066849472809828326 0.0031393580254489139 8.7293810665736626e-05 0.00040467845825239637 0.00014740081791097496 0.0054013693995190667 0.00031541551618526385 -0.00015675715622326186 0.00099387836870605192 0.0034790131703703571 0.0029411241444681027 0 0.0025929740475431774 -0.00023848066994820776 -0.0017021194218500985 0.0013988997895029132 -0.00039145306280968979 -8.8873491154244826e-05 0.0034099466518427318 0.0029976011980675046 0 0.00060317957066207632 0.0041686832180292989 0.0010569618079864899 0.0028380168405747427 0.001132154919938704 -0.0010102448482278059 0.00057869653987689294 0.0039650541417036965 -0.00099660133051402366 -0.00041178739879714921 -0.00015204102824105509 0.0027531434432983863 0.0014424167132089662 -7.5729525965135153e-05 -0.0002158530160611818 0.0020143832878342697 -0.0015451457410150607 -0.0014102972551465851 0.0027796905557437232 0 -0.00041779340871630794 0.0038329583991851125 0.00070289224210694223
leaf_weight=66 65 91 100 77 56 52 73 87 687 54 115 87 58 52 1950 151 1316 51 83 95 479 58 81 55 67 1748 81 74 89 106 61 1983 136 67 331 268 97 71 76 89 80 269 55 228 115 571 56 121 3909 4642 76 79 859 118 59 351 182 77 138 442 59 356
leaf_count=66 65 91 100 77 56 52 73 87 687 54 115 87 58 52 1950 151 1316 51 83 95 479 58 81 55 67 1748 81 74 89 106 61 1983 136 67 331 268 97 71 76 89 80 269 55 228 115 571 56 121 3909 4642 76 79 859 118 59 351 182 77 138 442 59 356
internal_value=3.8224e-05 5.15116e-05 3.80191e-05 4.95774e-05 -0.00147509 3.84651e-05 -0.00260204 4.72332e-05 -8.28128e-05 0.00143493 -0.000119162 0.000148805 0.000164604 0.00208683 0.000137935 0.00096395 0.00015449 0.000212322 0.000318309 0.00028969 0.00108578 0.00428881 0.00022799 0.00041653 0.00228768 -6.69488e-06 -0.000779171 0.000354917 0.000821022 0.000182366 0.000683641 -9.80993e-05 0.000624599 -0.000554858 0.00090786 -0.000164428 0.000775943 0.00133004 0.000662525 0.00165002 0.0024458 0.000216627 0.000445023 0.000307423 3.62939e-05 0.000110311 -0.000150668 0.000848385 -0.000204003 -4.90799e-05 0.000544268 0 0.000155042 0.000441759 0.000420436 -0.00117019 -0.000270447 -0.000162778 0.00090581 0.000454668 0.00092591 5.098e-05
internal_weight=24225 24031 23965 23865 194 23774 129 23697 10284 224 10060 13413 13326 169 13157 381 13070 11754 9151 9033 620 141 8413 4724 118 3689 513 4629 1211 3418 1258 2160 1137 203 934 9679 365 177 845 245 169 600 1203 1148 230 3176 2603 256 9314 5405 763 200 1087 172 117 432 2347 2165 215 1428 630 798
internal_count=24225 24031 23965 23865 194 23774 129 23697 10284 224 10060 13413 13326 169 13157 381 13070 11754 9151 9033 620 141 8413 4724 118 3689 513 4629 1211 3418 1258 2160 1137 203 934 9679 365 177 845 245 169 600 1203 1148 230 3176 2603 256 9314 5405 763 200 1087 172 117 432 2347 2165 215 1428 630 798
is_linear=0
shrinkage=0.05


Tree=38
num_leaves=63
num_cat=0
split_feature=15 35 21 38 1 30 44 4 38 25 11 33 8 24 35 11 30 8 30 25 42 25 8 35 4 43 11 43 30 44 43 4 43 24 8 42 35 11 35 4 30 30 34 11 43 25 30 6 26 11 25 39 12 35 25 8 44 9 11 43 30 43
split_gain=0.191054 0.297842 0.149022 0.320547 0.323376 0.15453 0.1766 0.220317 0.189172 0.190016 0.156386 0.153964 0.130564 0.125534 0.225776 0.136324 0.174209 0.121077 0.113961 0.198283 0.198861 0.153557 0.181604 0.171529 0.166809 0.195352 0.0953764 0.0917741 0.565067 1.52812 0.208673 0.152644 0.302613 0.483644 0.203251 0.195813 0.177258 0.187052 0.166336 0.171199 0.140228 0.210265 0.201709 0.193855 0.136235 0.331399 0.277208 0.302253 0.290083 0.218676 0.198115 0.222659 0.147939 0.14412 0.13411 0.140514 0.203226 0.133657 0.130258 0.129474 0.196348 0.122247
threshold=0.11949263885617258 0.74450510740280162 0.39743247628211981 -0.12177754938602446 -0.061940219253301614 5.1503376960754403 0.024561800993978981 0.66495800018310558 0.010604139417409899 0.2487427964806557 0.097016993910074248 0.45423850417137152 0.35987834632396704 -0.29675368964672083 0.73361179232597362 0.097016993910074248 2.5094416141510014 -0.23147377371788022 -0.607713222503662 0.55526316165924083 0.32500000298023229 0.55526316165924083 -0.15849435329437253 -0.1698220297694206 -0.16915895789861676 0.20743683725595477 0.05836333520710469 0.087925896048545851 0.18080043792724612 -0.00097062587155960489 0.082775507122278227 -0.12959111481904981 0.29181513190269476 -0.17148561030626294 -0.047980697825551026 0.52500000596046459 0.18408923596143725 0.027156613767147068 -0.27475288510322565 -0.16915895789861676 -0.48359049856662745 0.0046379973646253356 0.76284006237983715 0.050375685095787055 0.33688259124755865 0.22899078577756884 -0.44188536703586573 0.032760880887508399 -0.19394146651029584 0.032372370362281806 0.17181041836738589 0.058200092986226089 0.0077096058521419772 0.7673795521259309 0.18029098212718966 -0.027495716698467728 -0.00089004266192205239 0.0099308341741561907 0.030986460857093338 0.067185483872890486 -0.21368897706270215 0.28611312806606298
decision_type=2 2 2 2 2 2 2 2 2 2 2 2 2 2 2 2 2 2 2 2 2 2 2 2 2 2 2 2 2 2 2 2 2 2 2 2 2 2 2 2 2 2 2 2 2 2 2 2 2 2 2 2 2 2 2 2 2 2 2 2 2 2
left_child=2 -2 3 4 -1 6 7 12 9 -9 -10 -8 13 14 -5 17 -17 -15 19 20 -19 22 23 -20 25 -23 -25 28 54 -30 -31 32 33 -29 36 -36 -35 -38 -34 -40 -39 42 43 57 45 46 47 49 -49 -33 -46 -52 -51 -47 55 56 -24 -42 -59 60 -58 -48
right_child=1 -3 -4 5 -6 -7 11 8 10 -11 -12 -13 -14 15 -16 16 -18 18 21 -21 -22 24 27 26 -26 -27 -28 31 29 30 -32 44 38 34 35 -37 37 40 39 -41 41 -43 -44 -45 50 53 61 48 -50 52 51 -53 -54 -55 -56 -57 59 58 -60 -61 -62 -63
leaf_value=0.0044897342622045823 2.2071854784027549e-05 -0.0038654845344453037 -0.002131951752429207 0 0 -0.0016836101535980049 0.0035664595931573493 0.0024544999016466265 -0.003113802693861566 -0.0016369157869611747 0 0 0.002164145952581408 0.0020978938615708437 -0.0037206726046059078 0.00042343508753300445 0.0036013413279385679 0.0021147191919126452 0 0.0036262448859012246 -2.8562217161282387e-05 0 4.631713168716736e-05 0.00056296700422966181 0.00081376190830562871 -0.0027732935584637505 0.0033416371116614589 0.0043316984562271135 0.010087107317429959 3.056682943219377e-05 0.0028677670257302606 -0.00011859381130307978 0.00034926471015601197 0 -0.0014681923224937438 0.00074965471254644111 -9.7018158811100499e-05 -0.00062037917763665138 -0.0039422078500107186 0 0.0015059342627731585 0.00049054680198095085 8.5133565874117935e-05 0 -0.0013578588850059489 -0.00054263393573969921 -0.00019204045914043616 0 0.0052352077146345525 0 0.00054048799190817146 0.0039193192981878113 0.00271764042391184 -0.0016432115539234443 -0.0007983064988901199 -0.00013319672623594508 0.0006273356082403109 0.0014232588629012259 0.0053090487075888142 0.00025307545377498689 0.0053358175625781651 0.00056826812855910675
leaf_weight=79 92 82 82 96 74 138 64 53 146 57 52 50 69 67 63 366 54 127 171 51 580 132 412 84 77 164 95 75 50 305 89 554 51 1182 299 132 326 74 88 50 102 380 108 51 103 1774 10678 56 69 63 477 59 135 403 506 1615 59 51 121 87 57 541
leaf_count=79 92 82 82 96 74 138 64 53 146 57 52 50 69 67 63 366 54 127 171 51 580 132 412 84 77 164 95 75 50 305 89 554 51 1182 299 132 326 74 88 50 102 380 108 51 103 1774 10678 56 69 63 477 59 135 403 506 1615 59 51 121 87 57 541
internal_value=-2.3132e-05 -0.00167255 -1.01907e-05 -1.88695e-06 0.00227449 -1.7528e-05 -6.78192e-06 -1.72976e-05 -0.00134475 0.000110345 -0.00227733 0.00195027 0 -6.23226e-06 -0.00140446 2.32137e-06 0.000895272 -1.30979e-05 -2.0488e-05 0.000579826 0.000322327 -4.24152e-05 -2.37906e-05 0.00110235 -0.00104915 -0.00161863 0.00218216 -4.36042e-05 0.000201624 0.00185692 0.000737651 -8.83162e-05 0.000228244 0.000361755 0.000246803 -0.000730925 0.000433306 0.000857795 -0.00168467 -0.0026154 0.00123674 0.00143679 0.00220802 0.00283545 -0.000155594 -0.000188885 -8.43305e-05 0.000766818 0.00306582 0.000349664 0.000548466 0.000962316 0.00178278 -0.000758181 -5.8153e-05 9.87252e-05 0.000747987 0.0033614 0.00430926 0.0020456 0.00316855 -0.000153125
internal_weight=24347 174 24173 24091 153 23938 23800 23686 308 110 198 114 23378 23309 159 23150 420 22730 22663 758 707 21905 21532 350 373 296 179 21182 3180 444 394 18002 3090 2901 2826 431 2395 1213 189 138 887 813 433 325 14912 14273 12096 877 125 752 639 536 198 2177 2736 2230 615 274 172 203 116 11219
internal_count=24347 174 24173 24091 153 23938 23800 23686 308 110 198 114 23378 23309 159 23150 420 22730 22663 758 707 21905 21532 350 373 296 179 21182 3180 444 394 18002 3090 2901 2826 431 2395 1213 189 138 887 813 433 325 14912 14273 12096 877 125 752 639 536 198 2177 2736 2230 615 274 172 203 116 11219
is_linear=0
shrinkage=0.05


end of trees

feature_importances:
Column_30=202
Column_26=142
Column_36=131
Column_4=127
Column_8=122
Column_25=122
Column_43=106
Column_35=94
Column_29=93
Column_11=83
Column_10=70
Column_38=60
Column_23=58
Column_24=58
Column_40=57
Column_34=50
Column_3=49
Column_39=49
Column_42=48
Column_15=47
Column_9=44
Column_44=43
Column_22=42
Column_21=40
Column_2=38
Column_6=38
Column_7=35
Column_37=35
Column_20=34
Column_27=32
Column_33=28
Column_41=27
Column_19=25
Column_28=23
Column_12=22
Column_31=22
Column_0=20
Column_16=20
Column_32=17
Column_17=15
Column_1=14
Column_14=13
Column_13=12
Column_5=10
Column_18=1

parameters:
[boosting: gbdt]
[objective: regression]
[metric: rmse]
[tree_learner: serial]
[device_type: cpu]
[data_sample_strategy: bagging]
[data: ]
[valid: ]
[num_iterations: 500]
[learning_rate: 0.05]
[num_leaves: 63]
[num_threads: 4]
[seed: 0]
[deterministic: 0]
[force_col_wise: 0]
[force_row_wise: 0]
[histogram_pool_size: -1]
[max_depth: -1]
[min_data_in_leaf: 50]
[min_sum_hessian_in_leaf: 0.001]
[bagging_fraction: 0.8]
[pos_bagging_fraction: 1]
[neg_bagging_fraction: 1]
[bagging_freq: 1]
[bagging_seed: 3]
[bagging_by_query: 0]
[feature_fraction: 0.8]
[feature_fraction_bynode: 1]
[feature_fraction_seed: 2]
[extra_trees: 0]
[extra_seed: 6]
[early_stopping_round: 0]
[early_stopping_min_delta: 0]
[first_metric_only: 0]
[max_delta_step: 0]
[lambda_l1: 0.5]
[lambda_l2: 0.5]
[linear_lambda: 0]
[min_gain_to_split: 0]
[drop_rate: 0.1]
[max_drop: 50]
[skip_drop: 0.5]
[xgboost_dart_mode: 0]
[uniform_drop: 0]
[drop_seed: 4]
[top_rate: 0.2]
[other_rate: 0.1]
[min_data_per_group: 100]
[max_cat_threshold: 32]
[cat_l2: 10]
[cat_smooth: 10]
[max_cat_to_onehot: 4]
[top_k: 20]
[monotone_constraints: ]
[monotone_constraints_method: basic]
[monotone_penalty: 0]
[feature_contri: ]
[forcedsplits_filename: ]
[refit_decay_rate: 0.9]
[cegb_tradeoff: 1]
[cegb_penalty_split: 0]
[cegb_penalty_feature_lazy: ]
[cegb_penalty_feature_coupled: ]
[path_smooth: 0]
[interaction_constraints: ]
[verbosity: -1]
[saved_feature_importance_type: 0]
[use_quantized_grad: 0]
[num_grad_quant_bins: 4]
[quant_train_renew_leaf: 0]
[stochastic_rounding: 1]
[linear_tree: 0]
[max_bin: 255]
[max_bin_by_feature: ]
[min_data_in_bin: 3]
[bin_construct_sample_cnt: 200000]
[data_random_seed: 1]
[is_enable_sparse: 1]
[enable_bundle: 1]
[use_missing: 1]
[zero_as_missing: 0]
[feature_pre_filter: 1]
[pre_partition: 0]
[two_round: 0]
[header: 0]
[label_column: ]
[weight_column: ]
[group_column: ]
[ignore_column: ]
[categorical_feature: ]
[forcedbins_filename: ]
[precise_float_parser: 0]
[parser_config_file: ]
[objective_seed: 5]
[num_class: 1]
[is_unbalance: 0]
[scale_pos_weight: 1]
[sigmoid: 1]
[boost_from_average: 1]
[reg_sqrt: 0]
[alpha: 0.9]
[fair_c: 1]
[poisson_max_delta_step: 0.7]
[tweedie_variance_power: 1.5]
[lambdarank_truncation_level: 30]
[lambdarank_norm: 1]
[label_gain: ]
[lambdarank_position_bias_regularization: 0]
[eval_at: ]
[multi_error_top_k: 1]
[auc_mu_weights: ]
[num_machines: 1]
[local_listen_port: 12400]
[time_out: 120]
[machine_list_filename: ]
[machines: ]
[gpu_platform_id: -1]
[gpu_device_id: -1]
[gpu_use_dp: 0]
[num_gpu: 1]

end of parameters

pandas_categorical:null
